-- phpMyAdmin SQL Dump
-- version 4.5.1
-- http://www.phpmyadmin.net
--
-- Host: 127.0.0.1
-- Generation Time: Apr 20, 2017 at 06:32 AM
-- Server version: 10.1.16-MariaDB
-- PHP Version: 7.0.9

SET SQL_MODE = "NO_AUTO_VALUE_ON_ZERO";
SET time_zone = "+00:00";


/*!40101 SET @OLD_CHARACTER_SET_CLIENT=@@CHARACTER_SET_CLIENT */;
/*!40101 SET @OLD_CHARACTER_SET_RESULTS=@@CHARACTER_SET_RESULTS */;
/*!40101 SET @OLD_COLLATION_CONNECTION=@@COLLATION_CONNECTION */;
/*!40101 SET NAMES utf8mb4 */;

--
-- Database: `seminar_laravel`
--

-- --------------------------------------------------------

--
-- Table structure for table `hangsp`
--

CREATE TABLE `hangsp` (
  `id` int(10) UNSIGNED NOT NULL,
  `idloaisp` int(10) UNSIGNED NOT NULL,
  `tenhangsp` varchar(191) COLLATE utf8mb4_unicode_ci NOT NULL,
  `tenkhongdau` varchar(191) COLLATE utf8mb4_unicode_ci NOT NULL,
  `created_at` timestamp NULL DEFAULT NULL,
  `updated_at` timestamp NULL DEFAULT NULL
) ENGINE=InnoDB DEFAULT CHARSET=utf8mb4 COLLATE=utf8mb4_unicode_ci;

--
-- Dumping data for table `hangsp`
--

INSERT INTO `hangsp` (`id`, `idloaisp`, `tenhangsp`, `tenkhongdau`, `created_at`, `updated_at`) VALUES
(1, 1, 'Apple', 'Apple', NULL, NULL),
(2, 1, 'Samsung', 'Samsung', NULL, NULL),
(3, 1, 'Oppo', 'Oppo', NULL, NULL),
(4, 1, 'Sony', 'Sony', NULL, NULL),
(5, 2, 'Apple-iPad', 'Apple-iPad', NULL, NULL),
(6, 2, 'Samsung', 'Samsung', NULL, NULL),
(7, 2, 'Asus', 'Asus', NULL, NULL),
(8, 3, 'Sạc dự phòng', 'Sac-du-phong', NULL, NULL),
(9, 3, 'Ốp lưng', 'Op-lung', NULL, NULL),
(10, 3, 'Tai nghe', 'Tai-nghe', NULL, NULL),
(11, 4, 'Sửa chữ iPhone/iPad', 'Sua-chua-iPhone-iPad', NULL, NULL);

-- --------------------------------------------------------

--
-- Table structure for table `loaisp`
--

CREATE TABLE `loaisp` (
  `id` int(10) UNSIGNED NOT NULL,
  `tenloaisp` varchar(191) COLLATE utf8mb4_unicode_ci NOT NULL,
  `created_at` timestamp NULL DEFAULT NULL,
  `updated_at` timestamp NULL DEFAULT NULL
) ENGINE=InnoDB DEFAULT CHARSET=utf8mb4 COLLATE=utf8mb4_unicode_ci;

--
-- Dumping data for table `loaisp`
--

INSERT INTO `loaisp` (`id`, `tenloaisp`, `created_at`, `updated_at`) VALUES
(1, 'Điện thoại', NULL, NULL),
(2, 'Máy tính bảng', NULL, NULL),
(3, 'Phụ kiện', NULL, NULL),
(4, 'Dịch vụ', NULL, NULL);

-- --------------------------------------------------------

--
-- Table structure for table `migrations`
--

CREATE TABLE `migrations` (
  `id` int(10) UNSIGNED NOT NULL,
  `migration` varchar(191) COLLATE utf8mb4_unicode_ci NOT NULL,
  `batch` int(11) NOT NULL
) ENGINE=InnoDB DEFAULT CHARSET=utf8mb4 COLLATE=utf8mb4_unicode_ci;

--
-- Dumping data for table `migrations`
--

INSERT INTO `migrations` (`id`, `migration`, `batch`) VALUES
(1, '2014_10_12_000000_create_users_table', 1),
(2, '2014_10_12_100000_create_password_resets_table', 1),
(3, '2017_04_18_075556_create_loaisp_table', 2),
(4, '2017_04_18_090802_loaisp_table', 3),
(5, '2017_04_18_090916_hangsp_table', 4),
(6, '2017_04_18_091612_sanpham_table', 5);

-- --------------------------------------------------------

--
-- Table structure for table `password_resets`
--

CREATE TABLE `password_resets` (
  `email` varchar(191) COLLATE utf8mb4_unicode_ci NOT NULL,
  `token` varchar(191) COLLATE utf8mb4_unicode_ci NOT NULL,
  `created_at` timestamp NULL DEFAULT NULL
) ENGINE=InnoDB DEFAULT CHARSET=utf8mb4 COLLATE=utf8mb4_unicode_ci;

-- --------------------------------------------------------

--
-- Table structure for table `sanpham`
--

CREATE TABLE `sanpham` (
  `id` int(10) UNSIGNED NOT NULL,
  `idhangsp` int(10) UNSIGNED NOT NULL,
  `tensp` varchar(191) COLLATE utf8mb4_unicode_ci NOT NULL,
  `tenkhongdau` varchar(191) COLLATE utf8mb4_unicode_ci NOT NULL,
  `gia` int(11) NOT NULL DEFAULT '0',
  `giamgia` int(11) NOT NULL DEFAULT '0',
  `urlhinh` varchar(191) COLLATE utf8mb4_unicode_ci NOT NULL,
  `tinhtrang` int(11) NOT NULL DEFAULT '1',
  `khuyenmai` longtext COLLATE utf8mb4_unicode_ci NOT NULL,
  `tomtat` longtext COLLATE utf8mb4_unicode_ci NOT NULL,
  `chitiet` longtext COLLATE utf8mb4_unicode_ci NOT NULL,
  `luotxem` int(11) NOT NULL DEFAULT '0',
  `created_at` timestamp NULL DEFAULT NULL,
  `updated_at` timestamp NULL DEFAULT NULL
) ENGINE=InnoDB DEFAULT CHARSET=utf8mb4 COLLATE=utf8mb4_unicode_ci;

--
-- Dumping data for table `sanpham`
--

INSERT INTO `sanpham` (`id`, `idhangsp`, `tensp`, `tenkhongdau`, `gia`, `giamgia`, `urlhinh`, `tinhtrang`, `khuyenmai`, `tomtat`, `chitiet`, `luotxem`, `created_at`, `updated_at`) VALUES
(1, 1, 'iPhone 7 Plus Chính Hãng FPT (VN/A)', 'iPhone-7-Plus-Chinh-Hang-FPT', 21890000, 0, '7plushong_1487440126.jpg', 1, '<div class="accessories mbm">\n				<label>Quà khuyến mãi:</label><br>\n				<p><span style="color:#ff8c00"><strong>✌ </strong></span>Tặng <span style="color:#ff8c00"><strong>combo cường lực, ốp lưng </strong></span>trị giá <span style="color:#ff0000"><strong>350K</strong></span><br>\n<strong><span style="color:#ff8c00">✌ </span></strong>Tặng<span style="color:#ff8c00"><strong> DMH UltraShield </strong></span>trị giá <span style="color:#ff0000"><strong>100K</strong></span><br>\n<span style="color:#ff0000"><strong>♥ </strong></span>Trợ giá <span style="color:#ff8c00"><strong>tai nghe Apple Earpod chính hãng </strong></span>giá <span style="color:#ff0000"><strong>350K</strong></span>,<span style="color:#ff8c00"><strong> tai nghe 5S Cao Cấp </strong></span><span style="color:#ff0000"><strong>150K</strong></span><br>\n<span style="color:#ff0000"><strong>♥</strong></span><span style="color:#008000">​ </span><span style="color:#ff8c00"><strong>Miễn phí tạo tài khoản Apple ID, cài game/ app bản quyền</strong></span><br>\n❁Trợ giá <span style="color:#ff8c00"><strong>PDP Xiaomi 16000mah </strong></span>chỉ <span style="color:#ff0000"><strong>500K&nbsp;</strong></span><br>\n❁Trợ giá&nbsp;<span style="color:#ff8c00"><strong>PDP Xiaomi chính hãng 10.000mAh Gen 2 (Sạc nhanh 2 chiều)</strong></span>&nbsp;chỉ&nbsp;<span style="color:#ff0000"><strong>380K</strong></span></p>\n			</div>', '<table class="charactestic_table" border="0" cellpadding="5px" width="100%">\r\n																											<tbody><tr class="tr-0">\r\n						<td class="title_charactestic" width="30%">\r\n							Màn hình						</td>\r\n						<td class="content_charactestic">\r\n															5.5 inches LED-backlit IPS LCD, capacitive touchscreen, 16M colors Full HD													</td>\r\n					</tr>\r\n																																															<tr class="tr-1">\r\n						<td class="title_charactestic" width="30%">\r\n							CPU						</td>\r\n						<td class="content_charactestic">\r\n															Apple A10 Fusion													</td>\r\n					</tr>\r\n																										<tr class="tr-0">\r\n						<td class="title_charactestic" width="30%">\r\n							Bộ nhớ trong						</td>\r\n						<td class="content_charactestic">\r\n															32/128/256 GB													</td>\r\n					</tr>\r\n																										<tr class="tr-1">\r\n						<td class="title_charactestic" width="30%">\r\n							RAM						</td>\r\n						<td class="content_charactestic">\r\n															3 GB RAM													</td>\r\n					</tr>\r\n																																																													<tr class="tr-0">\r\n						<td class="title_charactestic" width="30%">\r\n							Pin						</td>\r\n						<td class="content_charactestic">\r\n															Li-Po													</td>\r\n					</tr>\r\n																										<tr class="tr-1">\r\n						<td class="title_charactestic" width="30%">\r\n							Camera trước						</td>\r\n						<td class="content_charactestic">\r\n															7 MP, f/2.2, 1080p@30fps, 720p@240fps, face detection, HDR, panorama													</td>\r\n					</tr>\r\n																										<tr class="tr-0">\r\n						<td class="title_charactestic" width="30%">\r\n							Camera sau						</td>\r\n						<td class="content_charactestic">\r\n															12 MP, f/2.2, 29mm, phase detection autofocus, OIS, dual-LED (dual tone) flash													</td>\r\n					</tr>\r\n																			</tbody></table>', '<div class="specification_long hide"><p dir="ltr">&nbsp;</p>\n\n<p><iframe allowfullscreen="" frameborder="0" height="480" src="https://www.youtube.com/embed/kLCYiMn-5f0" width="854"></iframe></p>\n\n<p dir="ltr">&nbsp;</p>\n\n<p dir="ltr"><span style="font-size:14px"><strong>Mở hộp</strong></span></p>\n\n<p dir="ltr"><span style="font-size:14px">Chiếc <u><em><strong><a href="http://didongthongminh.vn/apple/iphone-7-plus-chua-active-du-bh-p1935.html">iPhone 7 Plus</a></strong></em></u> trên tay mình là bản 32GB màu vàng Gold và được mang về từ Hong Kong. Một bức ảnh rất bự của 7 Plus được đặt ngay ngắn ở mặt trước. Mở hộp ra trước hết là đống sách hướng dẫn sử dụng, bên dưới là một em 7 Plus vẫn còn trinh nguyên, dưới nữa là bộ phụ kiện cơ bản gồm củ sạc 3 chân cho thị trường Hong Kong, một tai nghe EarPod cổng Lightning cho riêng <a href="http://didongthongminh.vn/apple/iphone-7-chua-active-du-bh-p1934.html">iPhone 7</a>, phía sau tai nghe này là adapter chuyển từ cổng Lightning sang jack 3.5mm, cuối cùg đương nhiên là sợi dây cable. </span></p>\n\n<p dir="ltr">&nbsp;</p>\n\n<p dir="ltr"><span style="font-size:14px"><img alt="" src="/upload_images/images/IMG_3601.jpg" style="height:400px; width:600px"></span></p>\n\n<p dir="ltr">&nbsp;</p>\n\n<p dir="ltr"><span style="font-size:14px">Nhìn chung năm nay <strong>iPhone 7 Plus</strong> chỉ bổ sung thêm một cái adapter, tai nghe không còn nằm trong hộp nhựa nữa. Hiện tại sản phẩm này đang có giá là 24tr, tương đối cao với đa số khách hàng, nếu cầm một trải nghiệm tương tự mà giá thấp hơn thì iPhone đổi bảo hành hoặc 6S, 6S Plus của Hàn cũng hấp dẫn không kém. </span></p>\n\n<p dir="ltr"><strong><span style="font-size:14px">Thiết kế</span></strong></p>\n\n<p dir="ltr">&nbsp;</p>\n\n<p dir="ltr"><img alt="" src="/upload_images/images/IMG_3569.jpg" style="height:400px; width:600px"></p>\n\n<p dir="ltr">&nbsp;</p>\n\n<p dir="ltr"><span style="font-size:14px"><a href="http://didongthongminh.vn/apple/iphone-7-plus-chua-active-du-bh-p1935.html">iPhone 7 Plus mới</a>&nbsp;có thiết kế không khác gì 6 hoặc 6S Plus nếu chỉ nhìn vào mặt trước. Lật lại ra mặt sau thì có 3 điểm khác biệt lớn nhất là cụm camera kép, kiểu dáng mới của viền ăng ten và cuối cùng là sự biến mất hoàn toàn của jack 3.5mm. Ngoài những điều đó thì về cơ bản thiết kế của 7 Plus y xì người anh em trước đấy. Apple bỏ cổng 3.5mm và thay bằng dải giống như loa nhưng thực chất chỉ có một bên là loa, bên còn lại chứa cảm biến khí áp gì đấy. </span></p>\n\n<p dir="ltr"><strong><span style="font-size:14px">Camera</span></strong></p>\n\n<p dir="ltr">&nbsp;</p>\n\n<p dir="ltr"><img alt="" src="/upload_images/images/IMG_3582.jpg" style="height:400px; width:600px"></p>\n\n<p dir="ltr">&nbsp;</p>\n\n<p dir="ltr"><span style="font-size:14px">Năm nay camera là thứ được nhiều người quan tâm nhất vì so với các đời iPhone trước thì nó &nbsp;rất dễ nhận ra. Cụm camera kép trên iPhone 7 Plus gồm 1 ống kính wide - góc rộng và một ống kính tele tiêu cự 56mm, khẩu độ f 1.8, độ phân giải 12Mpx. Một số công nghệ đáng chú ý là chống rung quang học OIS, zoom quang học 2x, lấy nét theo pha,4 đèn flash và quay film ở độ phân giải 4K 30fps. </span></p>\n\n<p dir="ltr"><span style="font-size:14px">Thử nghiệm nhanh của mình, camera này cho chất lượng khá ổn, nhất là khi zoom chất lượng ảnh không bị thay đổi và có hiệu ứng xóa phông rõ rệt. Mình có chụp thử mấy tấm ảnh cho các bạn xem đây. Camera trước là 7Mpx nhưng thật sự mình chưa thấy được sự khác biệt nào.</span></p>\n\n<p dir="ltr"><strong><span style="font-size:14px">Cấu hình</span></strong></p>\n\n<p dir="ltr">&nbsp;</p>\n\n<p dir="ltr"><img alt="" src="/upload_images/images/IMG_3583.jpg" style="height:400px; width:600px"></p>\n\n<p dir="ltr">&nbsp;</p>\n\n<p dir="ltr"><span style="font-size:14px"><strong>iPhone 7 Plus</strong> có một cấu hình rất rất mạnh, nó dùng chip A10 Fusion lõi tứ 2.23Ghz, RAM 3GB, còn GPU thì chưa xác định nhưng khả năng cao là dùng PowerVR. Phải nhấn mạnh lần nữa là cấu hình của nó mạnh nhất trong số tất cả các điện thoại hiện nay, One Plus 3, S7 Edge, G5 đều bị cho hít khói. Con chip A10 mạnh đến mức hiệu năng đơn nhân ngang ngửa với Xeon E5 dùng trên Mac Pro. Các ứng dụng, tác vụ load nhanh như một cơn gió. Trong các video tới thì mình sẽ so sánh hiệu năng thực tế với Note 7 xem thế nào.</span></p>\n\n<p dir="ltr"><strong><span style="font-size:14px">Màn hình</span></strong></p>\n\n<p dir="ltr">&nbsp;</p>\n\n<p dir="ltr"><img alt="" src="/upload_images/images/IMG_3596.jpg" style="height:400px; width:600px"></p>\n\n<p dir="ltr">&nbsp;</p>\n\n<p dir="ltr"><span style="font-size:14px"><a href="http://didongthongminh.vn/san-pham/dien-thoai-3/loc-san-pham:hang-san-xuat-apple.html">Apple</a> lại tiếp tục khẳng định tốt gỗ hơn tốt nước sơn. Màn hình của <strong>iPhone 7 Plus</strong> vẫn dậm chân ở mức Full HD nhưng chất lượng thì tuyệt vời. Độ sáng cao, dải màu rộng, tốc độ phản ứng nhanh là những gì mình thấy đầu tiên. Nhưng đấy là khi so sánh với các máy Android, còn đối với thế hệ trước lại không có khác biệt nhiều. Chúng ta vẫn có 3D Touch trên màn hình, áp dụng luôn với cả nút Home, sẽ có những tùy chọn về lực phản hồi mạnh hay nhẹ nằm trong cài đặt.</span></p>\n\n<p dir="ltr"><strong><span style="font-size:14px">&nbsp;Một số điểm nổi bật khác</span></strong></p>\n\n<p dir="ltr">&nbsp;</p>\n\n<p dir="ltr"><span style="font-size:14px"><img alt="" src="/upload_images/images/IMG_3580.jpg" style="height:400px; width:600px">​</span></p>\n\n<p dir="ltr">&nbsp;</p>\n\n<p dir="ltr"><span style="font-size:14px">Một số tính năng khác trên <a href="http://didongthongminh.vn/apple/iphone-7-plus-chua-active-du-bh-p1935.html">iPhone 7 Plus chưa active</a>&nbsp;cần nhắc tới là khả năng chống nước theo chuẩn IP67, một tính năng chỉ sau Androi có 4 năm. Máy có loa ngoài kép để trải nghiệm tốt hơn, cảm giác âm thanh từ máy ấm áp hơn hẳn. Bộ nhớ nhỏ nhất của iPhone cũng tăng lên thành 32GB. Dung lượng pin cao hơn một tí là 2900 mAh.</span></p>\n\n<p><span style="font-size:14px">Đấy là tất cả những nhận xét nhanh của mình về <a href="http://didongthongminh.vn/apple/iphone-7-plus-chua-active-du-bh-p1935.html">iPhone 7 Plus chưa kích hoạt</a>, máy có những nâng cấp rõ ràng so với thế hệ 6S, cấu hình mạnh ngang đẳng cấp desktop nhưng điểm quan trọng nhất đối với iFan là ngoại hình thì lại khá giống, có lẽ màu đen Jet Black mới là phiên bản khác biệt nhất. </span></p>\n\n<p><span style="font-size:14px">Vài hôm tới, mình sẽ có những đánh giá chi tiết về nó. Nếu bạn nào đang có nhu cầu sở hữu siêu &nbsp;phẩm này, hãy nhớ rằng <a href="http://didongthongminh.vn">Di Động&nbsp;Thông&nbsp;Minh</a> là đơn vị có <a href="http://didongthongminh.vn/apple/iphone-7-plus-chua-active-du-bh-p1935.html">giá mua bán iPhone&nbsp;7 Plus</a> luôn luôn tốt nhất. Cảm ơn.</span></p>\n\n<div>&nbsp;</div>\n</div>', 0, '2017-04-19 00:00:00', NULL),
(2, 2, 'Samsung Galaxy S7 Edge chính hãng', 'Samsung-Galaxy-S7-Edge-Chinh-Hang', 13990000, 0, 'samsung-galaxy-s7-edge-gold_1458313721.jpg', 1, '<div class="accessories mbm">\r\n				<label>Quà khuyến mãi:</label><br>\r\n				\r\n\r\n<div style="color: rgb(34, 34, 34); font-size: 12.8px; line-height: normal;">\r\n<p><span style="box-sizing:border-box; color:#ff8c00; font-family:arial,helvetica,sans-serif; font-size:12.8px; line-height:20.8px">✌</span><span style="box-sizing:border-box; color:#222222; font-size:12.8px; line-height:normal">&nbsp;Trợ giá&nbsp;</span><span style="box-sizing:border-box; color:#ff8c00; font-size:12.8px; line-height:normal"><strong>sạc không dây Samsung</strong></span><span style="box-sizing:border-box; color:#222222; font-size:12.8px; line-height:normal">&nbsp;chỉ&nbsp;<span style="box-sizing:border-box; color:#ff0000"><strong>350k&nbsp;</strong></span></span><br>\r\n<span style="box-sizing:border-box; color:#ff0000; font-family:opensans,helvetica,arial,sans-serif">♥</span><span style="color:#383838; font-family:opensans,helvetica,arial,sans-serif">&nbsp;Trợ giá&nbsp;</span><strong>ốp lưng, dán cường lực&nbsp;</strong><span style="color:#383838; font-family:opensans,helvetica,arial,sans-serif">chỉ&nbsp;</span><span style="box-sizing:border-box; color:#ff0000; font-family:opensans,helvetica,arial,sans-serif"><strong>80k</strong></span><br>\r\n<strong>♥</strong><span style="color:#383838; font-family:opensans,helvetica,arial,sans-serif">&nbsp;Tặng combo</span><strong>&nbsp;</strong><span style="box-sizing:border-box"><strong>ốp lưng, dán cường lực</strong>&nbsp;khi mua bảo hành siêu tốc DcareS</span><br>\r\n<strong><span style="color:#ff0000">♥</span>&nbsp;</strong>Hỗ trợ <span style="color:#ff8c00"><strong>mua kính thực tế ảo Samsung Gear VR</strong></span> chỉ <span style="color:#ff0000"><strong>600K</strong></span><br>\r\n<span style="box-sizing:border-box; color:#ff0000; font-size:12.8px; line-height:1.6em">♥</span><span style="box-sizing:border-box; font-size:12.8px; line-height:1.6em">&nbsp;</span>Trợ giá&nbsp;<span style="color:#ff8c00"><strong>PDP Xiaomi chính hãng 10.000mAh Gen 2 (Sạc nhanh 2 chiều)</strong></span>&nbsp;chỉ&nbsp;<span style="color:#ff0000"><strong>380K</strong></span><br>\r\n<span style="box-sizing:border-box; color:#ff0000; font-size:12.8px; line-height:1.6em">♥</span><span style="box-sizing:border-box; font-size:12.8px; line-height:1.6em">&nbsp;Trợ giá&nbsp;</span><span style="box-sizing:border-box; color:#ff8c00; font-size:12.8px; line-height:1.6em"><strong>PDP Xiaomi chính hãng 16.000mAh</strong></span><span style="box-sizing:border-box; font-size:12.8px; line-height:1.6em">&nbsp;chỉ&nbsp;</span><span style="box-sizing:border-box; color:#ff0000; font-size:12.8px; line-height:1.6em"><strong>550K&nbsp;</strong></span><br>\r\n<span style="box-sizing:border-box; color:#ff0000; font-size:12.8px; line-height:1.6em">♥</span><span style="box-sizing:border-box; font-size:12.8px; line-height:1.6em">&nbsp;Cài đặt&nbsp;</span><span style="box-sizing:border-box; color:#ff8c00; font-size:12.8px; line-height:1.6em"><strong>Nhạc chuông, Game, Up Rom, Phần mềm bản quyền</strong></span><span style="box-sizing:border-box; font-size:12.8px; line-height:1.6em">&nbsp;trọn đời</span><br>\r\n<a href="https://drive.google.com/open?id=0B0y_eGd0YGzBLWROc0M2TTNIUHc" style="box-sizing: border-box; color: rgb(37, 37, 37); text-decoration: none; font-size: 12.8px;" target="_blank"><span style="box-sizing:border-box; color:#0000cd"><strong><img alt="" src="http://didongthongminh.vn/upload_images/images/camera-icon-png-slr-camera-xxl.png" style="border:0px; box-sizing:border-box; height:20px; width:20px">&nbsp;Xem ngay ảnh chụp thật của sản phẩm tại Di Động Thông Minh&nbsp;<img alt="" src="http://didongthongminh.vn/upload_images/images/camera-icon-png-slr-camera-xxl.png" style="border:0px; box-sizing:border-box; color:#222222; height:20px; width:20px"></strong></span></a></p>\r\n</div>\r\n			</div>', '<table class="charactestic_table" border="0" cellpadding="5px" width="100%">\r\n																											<tbody><tr class="tr-0">\r\n						<td class="title_charactestic" width="30%">\r\n							Màn hình						</td>\r\n						<td class="content_charactestic">\r\n															5.5 inches (~76.1% screen-to-body ratio) 1440 x 2560 pixels (~534 ppi pixel density)													</td>\r\n					</tr>\r\n																																															<tr class="tr-1">\r\n						<td class="title_charactestic" width="30%">\r\n							CPU						</td>\r\n						<td class="content_charactestic">\r\n															Exynos 8890 Octa													</td>\r\n					</tr>\r\n																										<tr class="tr-0">\r\n						<td class="title_charactestic" width="30%">\r\n							Bộ nhớ trong						</td>\r\n						<td class="content_charactestic">\r\n															32/64 GB													</td>\r\n					</tr>\r\n																										<tr class="tr-1">\r\n						<td class="title_charactestic" width="30%">\r\n							RAM						</td>\r\n						<td class="content_charactestic">\r\n															4 GB RAM													</td>\r\n					</tr>\r\n																																																													<tr class="tr-0">\r\n						<td class="title_charactestic" width="30%">\r\n							Pin						</td>\r\n						<td class="content_charactestic">\r\n															Non-removable Li-Ion 3600 mAh battery													</td>\r\n					</tr>\r\n																										<tr class="tr-1">\r\n						<td class="title_charactestic" width="30%">\r\n							Camera trước						</td>\r\n						<td class="content_charactestic">\r\n															5 MP, f/1.7, dual video call, Auto HDR													</td>\r\n					</tr>\r\n																										<tr class="tr-0">\r\n						<td class="title_charactestic" width="30%">\r\n							Camera sau						</td>\r\n						<td class="content_charactestic">\r\n															12 MP, f/1.7, phase detection autofocus, OIS, LED flash													</td>\r\n					</tr>\r\n																			</tbody></table>', '<div class="specification_long hide"><div>&nbsp;</div>\r\n\r\n<div>\r\n<ol>\r\n	<li dir="ltr">\r\n	<p dir="ltr"><span style="font-size:14px"><span id="docs-internal-guid-f406da94-f8e4-f2b4-3e76-ff1cf9573662"><span style="background-color:transparent; vertical-align:baseline; white-space:pre-wrap">Điểm mới</span></span></span></p>\r\n	</li>\r\n</ol>\r\n\r\n<p dir="ltr"><span style="font-size:14px"><span id="docs-internal-guid-f406da94-f8e4-f2b4-3e76-ff1cf9573662"><span style="background-color:transparent; color:#000000; font-family:Arial; vertical-align:baseline; white-space:pre-wrap">Có gì mới trên 2 thiết bị này ? Đầu tiên, đấy là màn hình có thể cảm nhận lực nhấn, nếu như Apple có 3D Touch thì biết đâu được, công nghệ của Samsung được gọi là S Touch thì sao. Tất nhiên chúng chắc sẽ có cách hoạt động tương tự, ví dụ như ấn nhẹ lên biểu tượng thì mở ứng dụng, ấn mạnh thì sẽ hiện ra những shortcut nào đó. </span></span></span></p>\r\n\r\n<p dir="ltr">&nbsp;</p>\r\n\r\n<p dir="ltr"><span style="font-size:14px"><span id="docs-internal-guid-f406da94-f8e4-f2b4-3e76-ff1cf9573662"><span style="background-color:transparent; color:#000000; font-family:Arial; vertical-align:baseline; white-space:pre-wrap">&nbsp;&nbsp; &nbsp; </span><span style="background-color:transparent; color:#000000; font-family:Arial; vertical-align:baseline; white-space:pre-wrap">Tiếp theo là công nghệ sạc nhanh chỉ 30p sẽ có thể dùng cả ngày và 1 điểm chắc chắn cổng USB Type C vẫn chưa được trang bị trên galaxy S7. </span></span></span></p>\r\n\r\n<p dir="ltr">&nbsp;</p>\r\n\r\n<p dir="ltr"><span style="font-size:14px"><span id="docs-internal-guid-f406da94-f8e4-f2b4-3e76-ff1cf9573662"><span style="background-color:transparent; color:#000000; font-family:Arial; vertical-align:baseline; white-space:pre-wrap">&nbsp;&nbsp; &nbsp; </span><span style="background-color:transparent; color:#000000; font-family:Arial; vertical-align:baseline; white-space:pre-wrap">Thứ 3, khe cắm thẻ nhớ đã trở lại. Như một điểm làm flagship của Samsung gần gũi hơn với người dùng, không hiểu sao Note 5 hay S6 không hề có khả năng mở rộng bộ nhớ. Rút kinh nghiệm từ bài học này, năm nay 96.69% là thế hệ S7 sẽ có khe cắm thẻ nhớ Micro SD mở rộng.</span></span></span></p>\r\n\r\n<p dir="ltr">&nbsp;</p>\r\n\r\n<ol start="2">\r\n	<li dir="ltr">\r\n	<p dir="ltr"><span style="font-size:14px"><span id="docs-internal-guid-f406da94-f8e4-f2b4-3e76-ff1cf9573662"><span style="background-color:transparent; vertical-align:baseline; white-space:pre-wrap">Thiết kế và hiển thị</span></span></span></p>\r\n	</li>\r\n</ol>\r\n\r\n<p dir="ltr"><span style="font-size:14px"><span id="docs-internal-guid-f406da94-f8e4-f2b4-3e76-ff1cf9573662"><span style="background-color:transparent; color:#000000; font-family:Arial; vertical-align:baseline; white-space:pre-wrap">Năm ngoái, Samsung gây sốc với thiết kế S6 quá ư là sang chảnh, đập tan truyền thống vỏ nhựa rẻ tiền trước đây. S6 cực bảnh với khung viền kim loại, hai mặt kính bóng bẩy, bắt mắt. Chiếc <a href="http://didongthongminh.vn/samsung/samsung-galaxy-s7-p1771.html"><u><em><strong>Galaxy S7</strong></em></u></a> xuất hiện với những hình ảnh Render cực kì giống S6. Tuy nhiên, theo nhiều nguồn tin thì khung nhôm sẽ bị thay thế bằng khung Magie cứng cáp hơn. Đồng thời, S7 cũng có nhiều đường cong, chủ yếu cho cảm giác cầm tốt hơn. Đặc biệt, đi cùng thiết kế này là chuẩn chống nước IP67 đã từng xuất hiện trên S5.</span></span></span></p>\r\n\r\n<p dir="ltr">&nbsp;</p>\r\n\r\n<p dir="ltr" style="text-align:center"><span style="font-size:14px"><span style="background-color:transparent; color:#000000; font-family:Arial; vertical-align:baseline; white-space:pre-wrap"><img alt="" src="/upload_images/images/gs7_03.jpg"></span></span></p>\r\n\r\n<p dir="ltr">&nbsp;</p>\r\n\r\n<p dir="ltr"><span style="font-size:14px"><span id="docs-internal-guid-f406da94-f8e4-f2b4-3e76-ff1cf9573662"><span style="background-color:transparent; color:#000000; font-family:Arial; vertical-align:baseline; white-space:pre-wrap">&nbsp;&nbsp; </span><span style="background-color:transparent; color:#000000; font-family:Arial; vertical-align:baseline; white-space:pre-wrap">Về mặt hiển thị, từ S5, S6 cho đến S7 đều có màn hình AMOLED 5.1inches, S7 Edge thì to hơn với kích thước 5.5inches, độ phân giải của 2 phiên bản đều là Quad HD như năm ngoái, tuy nhiên tấm nền AMOLED sẽ dùng công nghệ mới, tiết kiệm điện và chắc chắn là đẹp hơn.</span></span></span></p>\r\n\r\n<p dir="ltr">&nbsp;</p>\r\n\r\n<ol start="3">\r\n	<li dir="ltr">\r\n	<p dir="ltr"><span style="font-size:14px"><span id="docs-internal-guid-f406da94-f8e4-f2b4-3e76-ff1cf9573662"><span style="background-color:transparent; vertical-align:baseline; white-space:pre-wrap">Cấu hình bên trong</span></span></span></p>\r\n	</li>\r\n</ol>\r\n\r\n<p dir="ltr"><span style="font-size:14px"><span id="docs-internal-guid-f406da94-f8e4-f2b4-3e76-ff1cf9573662"><span style="background-color:transparent; color:#000000; font-family:Arial; vertical-align:baseline; white-space:pre-wrap">Năm qua Quallcom thất bại với Snap 810 bị quá nhiệt, vì điều này mà S6 dùng Exynos 7420, và có lẽ đây không phải là sai lầm khi mà S6 là thiết bị có hiệu năng tốt nhất năm 2015. Đến năm nay, Quallcom đã sửa chữa lỗi lầm bằg Snap 820, chính thế nên là S7 sẽ có 2 bản: một chạy Exynos 8890 cho châu Á và Snapdragon 820 cho các thị trường khác. Đây đều là chip 64bit, sản xuất trên dây chuyền 14nm. Dựa trên những kết quả bị lộ thì cả 2 con chip đều có những bước tiến lớn, nhưng phần cứng của Apple thì cũng chưa bao giờ kém Android cả, hi vọng năm nay thế thượng phong sẽ trở lại với flagship của Samsung.</span></span></span></p>\r\n\r\n<p dir="ltr">&nbsp;</p>\r\n\r\n<p dir="ltr" style="text-align:center"><span style="font-size:14px"><span style="background-color:transparent; color:#000000; font-family:Arial; vertical-align:baseline; white-space:pre-wrap"><img alt="" src="/upload_images/images/galaxy%20s7.jpg"></span></span></p>\r\n\r\n<p dir="ltr">&nbsp;</p>\r\n\r\n<ol start="4">\r\n	<li dir="ltr">\r\n	<p dir="ltr"><span style="font-size:14px"><span id="docs-internal-guid-f406da94-f8e4-f2b4-3e76-ff1cf9573662"><span style="background-color:transparent; vertical-align:baseline; white-space:pre-wrap">Camera</span></span></span></p>\r\n	</li>\r\n</ol>\r\n\r\n<p dir="ltr"><span style="font-size:14px"><span id="docs-internal-guid-f406da94-f8e4-f2b4-3e76-ff1cf9573662"><span style="background-color:transparent; color:#000000; font-family:Arial; vertical-align:baseline; white-space:pre-wrap">Nhắc đến camera thì năm ngoái, S6 đã có một camera có chất lượng cực kì tuyệt vời. Điểm yếu của nó là lớn, lồi, mất thẩm mĩ. Năm nay, Samsung chưa hoàn toàn fix được điểm này nhưng đã hạn chế tối đa bằng cách làm gọn gàng lại. Quan trọng nhất là cảm biến Britecell 12Mpx hoàn toàn mới, cải tiến cực nhiều cho việc chụp ảnh thiếu sáng với cách sắp xếp điểm ảnh mới và khả năng chống nhiễu tốt hơn.</span></span></span></p>\r\n\r\n<p dir="ltr">&nbsp;</p>\r\n\r\n<ol start="5">\r\n	<li dir="ltr">\r\n	<p dir="ltr"><span style="font-size:14px"><span id="docs-internal-guid-f406da94-f8e4-f2b4-3e76-ff1cf9573662"><span style="background-color:transparent; vertical-align:baseline; white-space:pre-wrap">S7 Edge</span></span></span></p>\r\n	</li>\r\n</ol>\r\n\r\n<p dir="ltr"><span style="font-size:14px"><span id="docs-internal-guid-f406da94-f8e4-f2b4-3e76-ff1cf9573662"><span style="background-color:transparent; color:#000000; font-family:Arial; vertical-align:baseline; white-space:pre-wrap">Phiên bản </span></span><u><em><strong><a href="http://didongthongminh.vn/samsung/samsung-galaxy-s7-edge-p1773.html"><span style="color:#000000; font-family:Arial; line-height:20.24px; white-space:pre-wrap">Samsung Galaxy</span></a></strong></em></u><span style="line-height:17.94px"><span style="background-color:transparent; color:#000000; font-family:Arial; vertical-align:baseline; white-space:pre-wrap"><u><em><strong><a href="http://didongthongminh.vn/samsung/samsung-galaxy-s7-edge-p1773.html"> S7 Edge</a></strong></em></u></span></span><span style="background-color:transparent; color:#000000; font-family:Arial; vertical-align:baseline; white-space:pre-wrap"> được kì vọng là sẽ tách biệt với S7 thường ở các điểm sau: màn hình cong hai bên có nhiều tính năng hữu ích. Chắc chắn nó cũng là một chiếc điện thoại lớn hơn, pin bự hơn, và với phần viền không thể mỏng hơn được nữa thì khó có khả năng khe cắm thẻ nhớ xuất hiện trên S7 Edge.</span></span></p>\r\n\r\n<p dir="ltr"><span style="font-size:14px"><span id="docs-internal-guid-f406da94-f8e4-f2b4-3e76-ff1cf9573662"><span style="background-color:transparent; color:#000000; font-family:Arial; vertical-align:baseline; white-space:pre-wrap">Kể từ khi chữ “Edge” trong dòng sản phẩm Samsung được coi là cao cấp hơn thì đương nhiên <u><em><strong><a href="http://didongthongminh.vn/samsung/samsung-galaxy-s7-edge-p1773.html">S7 Edge</a></strong></em></u> sẽ đắt hơn bản thường.</span></span></span></p>\r\n\r\n<p dir="ltr">&nbsp;</p>\r\n\r\n<ol start="6">\r\n	<li dir="ltr">\r\n	<p dir="ltr"><span style="font-size:14px"><span id="docs-internal-guid-f406da94-f8e4-f2b4-3e76-ff1cf9573662"><span style="background-color:transparent; vertical-align:baseline; white-space:pre-wrap">Giá và ngày ra mắt</span></span></span></p>\r\n	</li>\r\n</ol>\r\n\r\n<p dir="ltr"><span style="font-size:14px"><span id="docs-internal-guid-f406da94-f8e4-f2b4-3e76-ff1cf9573662"><span style="background-color:transparent; color:#000000; font-family:Arial; vertical-align:baseline; white-space:pre-wrap">Thời điểm bán ra của thế hệ S7 sẽ rơi vào khoảng giữa tháng 3, sớm hơn một tháng so với S6 năm ngoái, cụ thể hơn là ngày 11/3. Còn sự kiện ra mắt sẽ diễn ra vào ngày 21/2, tức là Chủ Nhật tuần này theo giờ địa phương.</span></span></span></p>\r\n\r\n<p dir="ltr"><span style="font-size:14px"><span id="docs-internal-guid-f406da94-f8e4-f2b4-3e76-ff1cf9573662"><span style="background-color:transparent; color:#000000; font-family:Arial; vertical-align:baseline; white-space:pre-wrap">Bằng cách đẩy nhanh thời điểm bán ra thì trường, chắc chắn kế hoạch của Samsung là thống trị thị trường trước khi các mẫu smartphone khác ra mắt. Như mọi năm thì ngay sau sự kiện của <a href="http://didongthongminh.vn/san-pham/dien-thoai-3/loc-san-pham:hang-san-xuat-samsung.html">Samsung</a> sẽ là HTC rồi LG, cuối cùng là Apple vào tháng 9. </span></span></span></p>\r\n\r\n<p dir="ltr"><span style="font-size:14px"><span id="docs-internal-guid-f406da94-f8e4-f2b4-3e76-ff1cf9573662"><span style="background-color:transparent; color:#000000; font-family:Arial; vertical-align:baseline; white-space:pre-wrap">Cuối cùng, mức giá mong đợi của S7 rơi vào khoảng 650$ cho bản 32GB và 750$ cho bản 64Gb, tương đương 14tr5 và 16tr5. S7 Edge sẽ cao hơn khoảng 100-150$, nên giá khởi điểm chắc chắn không dưới 16tr. </span></span></span></p>\r\n\r\n<p dir="ltr">&nbsp;</p>\r\n\r\n<p style="text-align:center"><span style="font-size:14px"><img alt="Samsung galaxy s7" src="/upload_images/images/galaxy-s7-1(1).jpg" style="height:394px; width:700px"></span></p>\r\n\r\n<p dir="ltr"><span style="font-size:14px"><span id="docs-internal-guid-f406da94-f8e4-f2b4-3e76-ff1cf9573662"><span style="background-color:transparent; color:#000000; font-family:Arial; vertical-align:baseline; white-space:pre-wrap">Với tất cả những thông tin sát giờ ra mắt ở trên, S7 và S7 Edge có thể sẽ là bom tấn tiếp theo S5, cũng có thể là bom xịt như S5, tất cả đều phụ thuộc vào phản ứng của người tiêu dùng trước sản phẩm của Samsung. Còn bạn, bạn có ý định mua sản phẩm này không ? Hãy cho chúng mình biết bằng cách comment phía bên dưới.</span></span></span></p>\r\n\r\n<p dir="ltr"><span style="font-size:14px"><span style="line-height:20.24px; white-space:pre-wrap">Đến ngay với <a href="http://didongthongminh.vn">Di Động Thông Minh</a> để hưởng những ưu đãi tốt nhất !!!</span></span></p>\r\n</div>\r\n\r\n<div>&nbsp;</div>\r\n</div>', 30, '2017-04-19 01:00:00', NULL),
(3, 3, 'Oppo F1 Plus chính hãng', 'Oppo-F1-Plus-chinh-hang', 9990000, 5, 'oppo-f1-rose-gold_1461163987.jpg', 1, '<div class="accessories mbm">\r\n				<label>Quà khuyến mãi:</label><br>\r\n				<p><span style="color:#ff8c00; font-family:Roboto,Arial,serif; font-size:12px">✌&nbsp;</span>Tặng <strong><span style="color:#ff8c00">usb chống muỗi</span></strong> trị giá <span style="color:#ff0000"><strong>100k</strong></span><br>\r\n<span style="box-sizing:border-box; font-size:14px"><span style="box-sizing:border-box; color:#ff8c00; font-family:Roboto,Arial,serif; line-height:24px">✌</span>&nbsp;Tặng&nbsp;<span style="box-sizing:border-box; color:#ff8c00"><strong>điện thoại Philips E105 hoặc E103</strong></span>&nbsp;chính hãng</span><br>\r\n<span style="box-sizing:border-box; font-size:14px"><span style="box-sizing:border-box; color:#ff8c00; font-family:Roboto,Arial,serif; line-height:24px">✌</span>&nbsp;Tặng&nbsp;<span style="box-sizing:border-box; color:#ff8c00"><strong>pin dự phòng Romos&nbsp;</strong></span>10400mAh</span><br>\r\n<span style="box-sizing:border-box; font-size:14px"><span style="box-sizing:border-box; color:#ff8c00; font-family:Roboto,Arial,serif; line-height:24px">✌</span>&nbsp;Tặng&nbsp;<span style="box-sizing:border-box; color:#ff8c00"><strong>loa bluetooth</strong></span>&nbsp;nghe nhạc cực đỉnh</span><br>\r\n<span style="box-sizing:border-box; font-size:14px"><span style="box-sizing:border-box; color:#ff8c00; font-family:Roboto,Arial,serif; line-height:24px">✌</span>&nbsp;Tặng&nbsp;<strong><span style="box-sizing:border-box; color:#ff8c00">ốp lưng chính hãng</span></strong>&nbsp;thời trang</span><br>\r\n<span style="box-sizing:border-box; font-size:14px"><span style="box-sizing:border-box; color:#ff8c00; font-family:Roboto,Arial,serif; line-height:24px">✌</span>&nbsp;Tặng&nbsp;<span style="box-sizing:border-box; color:#ff8c00"><strong>kẹp điện thoại</strong></span>&nbsp;tiện dụng</span><br>\r\n<span style="box-sizing:border-box; font-size:14px"><span style="box-sizing:border-box; color:#ff8c00; font-family:Roboto,Arial,serif; line-height:24px">✌</span>&nbsp;Tặng&nbsp;<span style="box-sizing:border-box; color:#ff8c00"><strong>dán màn hình</strong></span>&nbsp;từ tính 3 lớp ultrashied</span><br>\r\n<span style="color:#ff0000">♥&nbsp;</span>Trợ giá&nbsp;<span style="color:#ff8c00"><strong>PDP Xiaomi chính hãng 10.000mAh Gen 2 (Sạc nhanh 2 chiều)</strong></span>&nbsp;chỉ&nbsp;<span style="color:#ff0000"><strong>380K</strong></span></p>\r\n			</div>', '<table class="charactestic_table" border="0" cellpadding="5px" width="100%">\r\n																											<tbody><tr class="tr-0">\r\n						<td class="title_charactestic" width="30%">\r\n							Màn hình						</td>\r\n						<td class="content_charactestic">\r\n															5.5 inches (~73.9% screen-to-body ratio)													</td>\r\n					</tr>\r\n																																															<tr class="tr-1">\r\n						<td class="title_charactestic" width="30%">\r\n							CPU						</td>\r\n						<td class="content_charactestic">\r\n															Mediatek MT6755 Helio P10													</td>\r\n					</tr>\r\n																										<tr class="tr-0">\r\n						<td class="title_charactestic" width="30%">\r\n							Bộ nhớ trong						</td>\r\n						<td class="content_charactestic">\r\n															64 GB													</td>\r\n					</tr>\r\n																										<tr class="tr-1">\r\n						<td class="title_charactestic" width="30%">\r\n							RAM						</td>\r\n						<td class="content_charactestic">\r\n															4 GB RAM													</td>\r\n					</tr>\r\n																																																													<tr class="tr-0">\r\n						<td class="title_charactestic" width="30%">\r\n							Pin						</td>\r\n						<td class="content_charactestic">\r\n															Non-removable Li-Po 2850 mAh battery													</td>\r\n					</tr>\r\n																										<tr class="tr-1">\r\n						<td class="title_charactestic" width="30%">\r\n							Camera trước						</td>\r\n						<td class="content_charactestic">\r\n															13 MP, f/2.2, phase detection autofocus, LED flash													</td>\r\n					</tr>\r\n																										<tr class="tr-0">\r\n						<td class="title_charactestic" width="30%">\r\n							Camera sau						</td>\r\n						<td class="content_charactestic">\r\n															16 MP, f/2.0													</td>\r\n					</tr>\r\n																			</tbody></table>', '<div class="specification_long hide"><p><span style="font-size:14px">Đầu năm nhà sản xuất TQ Oppo đã từng giới thiệu 1 chuyên gia selfie giá tầm trung giá dưới 6 triệu là <a href="http://didongthongminh.vn/oppo/oppo-f1-chinh-hang-p1763.html">Oppo F1</a>. Và vừa rồi, hãng lại tiếp tục ra mắt thêm 1 phiên bản cao cấp nữa mang tên <span style="font-size:16px"><strong><em><u><a href="http://didongthongminh.vn/oppo/oppo-f1-plus-chinh-hang-p1826.html">Oppo F1 Plus</a></u></em></strong></span>, cũng được mệnh danh là Selfie Expert với camera trước độ phân giải lên đến 16MP, nhưng thuộc phân khúc cao cấp giá 10 triệu. Bài viết này sẽ đánh giá nhanh ông hoàng selfie này xem có những gì và ý kiến của các bạn về chiếc smartphone này như thế nào nhé.</span></p>\r\n\r\n<p style="text-align:center"><img alt="Oppo F1 Plus" src="/upload_images/images/Oppo-F1-Plus.jpg" style="height:343px; width:600px"></p>\r\n\r\n<h2><span style="font-size:14px"><strong>Thiết kế</strong></span></h2>\r\n\r\n<p><span style="font-size:14px">Đầu tiên về thiết kế, trải nghiệm bằng mắt, cầm nắm trên tay phải nói là đẹp với 1 thiết kế cao cấp, vóc dáng mảnh mai. Oppo F1 Plus có thiết kế lai giữa Iphone 6 Plus ở mặt sau và những sản phẩm gần đây của Meizu với chi tiết phím Home dẹt ở mặt trước. Có lẽ các hãng đã bắt đầu bí ý tưởng nên thiết kế của các mẫu smartphone hiện nay cứ na ná nhau và có nhiều chi tiết vay mượn lẫn nhau. F1 Plus có nhiều điểm giống <a href="http://didongthongminh.vn/apple/iphone-6-plus-cu-qsd-99-p1172.html">iPhone&nbsp;6 Plus</a> nhất với thiết kế khung kim loại nguyên khối, bo cong mềm mại các cạnh, cụm camera chính lồi được bảo vệ bởi khung kim loại tròn cùng 2 dải bắt sóng ở mặt sau. Tuy nhiên, cầm F1 Plus trên tay cho trải nghiệm khác so với iPhone 6 plus. Vì máy có độ dày mỏng hơn, chỉ 6.6mm và trọng lượng nhẹ chỉ 145g trong khi Ip6 Plus dày 7.3mm, nặng 192g. Đặc biệt, Oppo F1&nbsp;Plus sở hữu đường viền màn hình siêu mỏng kể cả viền nhựa đen cũng chỉ manh 1.66mm. </span></p>\r\n\r\n<p><span style="font-size:14px">Mặt kính vát cong 2.5D, được bảo vệ bởi lớp kính cường lực Gorilla Glass 4 vừa cho cảm giác chắc chắn, bóng bẩy vừa êm tay khi chạm vuốt. Màn hình lớn, cộng với viền màn hỉnh siêu mảnh nên diện tích hiển thị được tối ưu mà vẫn đem lại vóc dáng thanh mảnh cho F1 Plus. Ở mặt trước, chúng ta còn có 1 phím Home cứng được trang bị tính năng cảm biến vân tay, 2 phím điều hướng back và đa nhiệm được ẩn đi và chỉ sáng đèn Led khi chạm tới. Tóm lại, <a href="http://didongthongminh.vn/oppo/oppo-f1-plus-chinh-hang-p1826.html">F1 Plus</a> là thiết bị được đánh giá có thiết kế hoàn thiện nhất của Oppo, mỏng, đẹp, sang trọng và cứng cáp.</span></p>\r\n\r\n<p style="text-align:center"><img alt="Oppo F1 Plus chính hãng" src="/upload_images/images/thietke-oppo-f1-plus.jpg" style="height:326px; width:600px"></p>\r\n\r\n<h2><span style="font-size:14px"><strong>Màn hình</strong></span></h2>\r\n\r\n<p><span style="font-size:14px">Về màn hình, Oppo F1 Plus được trang bị màn hình Amoled kích thước lớn 5.5”, độ phân giải là Full HD. Với công nghệ màn hình này, F1 plus cho khả năng hiển thị hình ảnh rõ nét, màu sắc vẫn tươi tắn, độ tương phản đen sâu hơn, mà lại tiết kiệm pinn hơn so với màn LCD. Phải nhắc lại là viên màn hình mỏng, cộng với mặt kính cong nên xem phim, chơi game chạm vuốt trên màn hình này là cực thích.</span></p>\r\n\r\n<p>&nbsp;</p>\r\n\r\n<h2><span style="font-size:14px"><strong>Camera</strong></span></h2>\r\n\r\n<p><span style="font-size:14px">Tiếp đến mình muốn giới thiệu trước về camera. Camera là thế mạnh của F1 Plus khi nó được <a href="http://didongthongminh.vn/san-pham/dien-thoai-3/loc-san-pham:hang-san-xuat-oppo.html">Oppo</a> ưu ái gọi là Selfie Expert. Và điều đáng ngạc nhiên là hãng trang bị cho F1 Plus camera selfie độ phân giải lên đến 16Mp, là chiếc điện thoại có camera phụ độ phân giải cao nhất hiện nay, thâm chí còn cao hơn cả camera chính độ phân giải chỉ 13Mp. Điều này là rất hiếm thấy có smartphone nào camera selfie còn chất hơn camera chính. Camera phụ này có khẩu độ f/2.0, được đặt hàng từ Samsung cùng công nghệ độc quyền Hi-Light camera cho ảnh tự sướng sắc nét ngay cả trong điều kiện thiếu sáng. Người dùng có thể chụp ảnh ảo diệu với tùy chỉnh làm đẹp da mặt trong 7 chế độ Selfie Mode. </span></p>\r\n\r\n<p style="text-align:center"><span style="font-size:14px"><img alt="Camera Oppo F1 Plus" src="/upload_images/images/Camera-Oppo-F1-Plus.jpg" style="height:401px; width:600px"></span></p>\r\n\r\n<p><span style="font-size:14px">Oppo F1 Plus tuy không được trang bị đèn Flash Led cho camera trước như 1 số smartphone chuyên về chụp ảnh tự sướng, nhưng máy được trang bị tính năng “Screen Flash”, để hắt sáng khi selfie, giống như tính năng Retina Flash trên Ip6s, 6s plus của Apple. Bên cạnh đó, camera chính độ phân giải 13Mp của chiếc&nbsp;F1 Plus cũng được hỗ trợ nhiều chế độ chụp hình như chụp toàn cảnh, chụp HDR, chế độ chuyên nghiệp, ảnh RAW, hỗ trợ phơi sáng lên đến 16s.</span></p>\r\n\r\n<p>&nbsp;</p>\r\n\r\n<h2><span style="font-size:14px"><strong>Cấu hình</strong></span></h2>\r\n\r\n<p><span style="font-size:14px">Nhiều người có thể sẽ chú ý đến chất lượng camera của F1 Plus khi nghe đến danh từ “Selfie Expert”. Tuy nhiên cấu hình của <a href="http://didongthongminh.vn/oppo/oppo-f1-plus-chinh-hang-p1826.html">Oppo F1 Plus</a> cũng không thể xem nhẹ. Máy được trang bị chip cao cấp nhất của MediaTek MT6755 Helio P10, 8 nhân, xung nhịp 2.0GHz, RAM lên đến 4Gb, bộ nhớ trong 64GB, chip đồ họa Mali T860 MP2 ở mức khá. Với cấu hình này, F1 Plus có thể chơi được hầu hết các tựa game đồ họa cao, không hề gặp trở ngại khi chạy đa nhiệm. Máy cũng hoạt động mượt mà, gần như không có độ trễ.</span></p>\r\n\r\n<p style="text-align:center"><span style="font-size:14px"><img alt="Cấu hình Oppo F1 Plus" src="/upload_images/images/cauhinh-oppo-f1-plus.jpg" style="height:338px; width:600px"></span></p>\r\n\r\n<p><span style="font-size:14px">Về phần mềm, điện thoại Oppo&nbsp;F1 Plus có sự thay đổi về giao diện, với giao diện Color OS 3.0 mới mag đến 1 cái nhìn thoáng hơn cho thiết bị, các biểu tượng được làm phẳng, thoáng và cách sắp xếp khiến ta liên tưởng tới IOS của Apple 1 chút. Ngoài ra, Oppo cũng trang bị cho model này các kết nối cơ bản như Wifi, Bluetooth 4.0. Tuy nhiên không có kết nối NFC. Oppo F1 Plus hỗ trợ 2 sim và thẻ nhớ nhưng nếu muốn sử dụng 2 sim bạn phải hy sinh thẻ nhớ và ngược lại.</span></p>\r\n\r\n<p>&nbsp;</p>\r\n\r\n<h2><span style="font-size:14px"><strong>Pin</strong></span></h2>\r\n\r\n<p><span style="font-size:14px">Cuối cùng là về dung lượng pin, Oppo trang bị cho F1 Plus viên pin 2850mAh, dung lượng pin ở mức&nbsp; vừa phải. Bù lại Oppo F1 Plus sở hữu công nghệ sạc nhanh VOOC, cho phép sạc hơn 50% chỉ trong vòng 30p và có thể sạc 5p để kéo dài thời gian đàm thoại thêm 2 giờ nữa. CŨng khá ấn tượng.</span></p>\r\n\r\n<p style="text-align:center"><span style="font-size:14px"><img alt="điện thoại Oppo F1 Plus chính hãng" src="/upload_images/images/smartphone-oppo-f1-plus.jpg" style="height:336px; width:600px"></span></p>\r\n\r\n<p><span style="font-size:14px">Hiện Oppo F1 Plus đang có giá khoảng 10 triệu&nbsp;tại thị trường Việt Nam, với 2 phiên bản màu vàng và màu vàng hồng Rose Gold. Với 1 thiết kế kim loại nguyên khối, siêu camera selfie 16Mp và Ram 4GB, các bạn đánh giá như thế nào về chiếc <a href="http://didongthongminh.vn/oppo/oppo-f1-plus-chinh-hang-p1826.html">điện thoại&nbsp;Oppo F1 Plus</a>. Như vậy đã phù hợp với mức giá 10 triệu và đủ sức cạnh tranh với những sản phẩm trong cùng tầm giá hiện nay như <a href="http://didongthongminh.vn/lg/lg-g4-cu-p1562.html">LG G4</a>, <a href="http://didongthongminh.vn/htc/htc-one-a9-p1625.html">HTC One A9</a>, <a href="http://didongthongminh.vn/samsung/sm-a700f-p1252.html">Samsung Galaxy A7</a> phiên bản hay chưa? Nếu là bạn bạn có chọn F1 Plus hay không. Hãy chia sẻ ý kiến với mình nhé. Mọi tin tức về Oppo F1 Plus sẽ được cập nhật liên tục tại website <a href="http://didongthongminh.vn/">didongthongminh.vn</a></span></p>\r\n</div>', 5, '2017-04-19 02:00:00', NULL);
INSERT INTO `sanpham` (`id`, `idhangsp`, `tensp`, `tenkhongdau`, `gia`, `giamgia`, `urlhinh`, `tinhtrang`, `khuyenmai`, `tomtat`, `chitiet`, `luotxem`, `created_at`, `updated_at`) VALUES
(4, 4, 'Sony Xperia XZ chính hãng', 'Sony-Xperia-XZ-chinh-hang', 10990000, 5, '1_1474043712.jpg', 1, '<div class="accessories mbm">\r\n				<label>Quà khuyến mãi:</label><br>\r\n				<p><span style="box-sizing:border-box; color:#ff0000">♥</span><span style="box-sizing:border-box; color:#383838">&nbsp;Giảm 20% khi mua phụ kiện (dán cường lực, bao da,&nbsp;dán cường lực..)</span><br>\r\n<span style="box-sizing:border-box; color:#ff0000">♥</span><span style="box-sizing:border-box; color:#383838">&nbsp;</span>Trợ giá&nbsp;<span style="color:#ff8c00"><strong>PDP Xiaomi chính hãng 10.000mAh Gen 2 (Sạc nhanh 2 chiều)</strong></span>&nbsp;chỉ&nbsp;<span style="color:#ff0000"><strong>380K</strong></span><br>\r\n<span style="box-sizing:border-box; color:#ff0000">♥</span><span style="box-sizing:border-box; color:#383838">&nbsp;Trợ giá&nbsp;PDP&nbsp;Xiaomi chính hãng 16.000mAh&nbsp;chỉ 550K</span><br>\r\n<span style="box-sizing:border-box; color:#006400">❁</span><span style="box-sizing:border-box; color:#383838">&nbsp;Cài đặt Nhạc chuông, Game, Up Rom, Phần mềm bản quyền trọn đời</span></p>\r\n			</div>', '<table class="charactestic_table" border="0" cellpadding="5px" width="100%">\r\n																											<tbody><tr class="tr-0">\r\n						<td class="title_charactestic" width="30%">\r\n							Màn hình						</td>\r\n						<td class="content_charactestic">\r\n															5.2 inch Full HD IPS LCD capacitive touchscreen													</td>\r\n					</tr>\r\n																																															<tr class="tr-1">\r\n						<td class="title_charactestic" width="30%">\r\n							CPU						</td>\r\n						<td class="content_charactestic">\r\n															Qualcomm MSM8996 Snapdragon 820													</td>\r\n					</tr>\r\n																										<tr class="tr-0">\r\n						<td class="title_charactestic" width="30%">\r\n							Bộ nhớ trong						</td>\r\n						<td class="content_charactestic">\r\n															32/64 GB													</td>\r\n					</tr>\r\n																										<tr class="tr-1">\r\n						<td class="title_charactestic" width="30%">\r\n							RAM						</td>\r\n						<td class="content_charactestic">\r\n															3 GB													</td>\r\n					</tr>\r\n																																																													<tr class="tr-0">\r\n						<td class="title_charactestic" width="30%">\r\n							Pin						</td>\r\n						<td class="content_charactestic">\r\n															Li-Ion 2900 mAh													</td>\r\n					</tr>\r\n																										<tr class="tr-1">\r\n						<td class="title_charactestic" width="30%">\r\n							Camera trước						</td>\r\n						<td class="content_charactestic">\r\n															13 MP, f/2.0, 22mm, 1/3\\\\\\" sensor size, 1080p, HDR													</td>\r\n					</tr>\r\n																										<tr class="tr-0">\r\n						<td class="title_charactestic" width="30%">\r\n							Camera sau						</td>\r\n						<td class="content_charactestic">\r\n															23 MP, f/2.0, 24mm, phase detection and laser autofocus, LED flash Features	1/2.3\\\\\\" sensor size, geo-tagging, touch focus, face detection, HDR, panorama													</td>\r\n					</tr>\r\n																			</tbody></table>', '<div class="specification_long hide"><p>Đánh giá nhanh siêu phẩm <a href="http://didongthongminh.vn/sony/sony-xperia-xz-p1945.html"><span style="color:#ffa500"><strong>Sony Xperia XZ</strong></span></a> chính hãng</p>\r\n\r\n<p><span style="color:#ffa500"><strong>Sony Xperia XZ chính hãng - Thiết kế khác biệt</strong></span></p>\r\n\r\n<p><img alt="" src="/upload_images/images/Sony%20Xperia%20XZ-11.jpg" style="height:467px; width:700px"></p>\r\n\r\n<p>Sony hay các hãng khác nói chung đều trang bị cho con át chủ bài của mình những gì tinh hoa nhất, mạnh mẽ và hiện đại nhất. Chính vì thế, siêu phẩm <strong>Xperia XZ</strong> thừa hưởng những thứ tuyệt vời nhất mà hãng điện tử Nhật Bản sở hữu. Đó làm một ngôn ngữ thiết kế hoàn toàn mới so với dòng Z series trước đây với tên gọi “Unified Design". Bao bọc xung quanh thân máy là hợp kim nhôm Alkaleido được gia công sắc sảo mang lại cảm giác thuần khiết, mịn màng hơn.</p>\r\n\r\n<p><img alt="" src="http://didongthongminh.vn/upload_images/images/Sony%20Xperia%20XZ-5.jpg" style="height:467px; width:700px"></p>\r\n\r\n<p>Tổng quan về thiết kế, <strong>Sony Xperia XZ chính hãng</strong> mang đến vẻ đẹp sang trọng từ chất liệu cho đến hình dáng, nhỏ gọn với số đo 3 vòng 146 x 72 x 8,1mm. Đây thực sự làm một mẫu flagship đúng nghĩa, một cảm giác mới lạ đến từ Sony mà người dùng vẫn luôn mong đợi trong suốt thời gian qua.</p>\r\n\r\n<p><span style="color:#ffa500"><strong>Sony Xperia XZ chính hãng - Màn hình và khả năng hiển thị</strong></span></p>\r\n\r\n<p><img alt="" src="http://didongthongminh.vn/upload_images/images/Sony%20Xperia%20XZ-3.jpg" style="height:467px; width:700px"></p>\r\n\r\n<p><u>Sony Xperia XZ</u> chính hãng được trang bị một màn hình có kích thước 5.2 inch nhỏ gọn, vừa đủ để có thể cầm nắm dễ dàng cũng như sử dụng bằng một tay một cách tiện nhất. Chính vì màn hình không to nên Sony cho rằng độ phân giải Full HD là vừa đủ cho siêu phẩm này. Thực tế thì Sony vẫn luôn giữa độ phân giải này từ đời Xperia Z1 mặc dù hiện nay rất nhiều hãng đã nâng độ phân giải lên đến 2K QHD. Việc <em>Sony Xperia XZ công ty</em> chỉ sở hữu màn hình Full HD tuy có phần tụt hậu nhưng đổi lại bạn sẽ có một hiệu năng và thời lượng pin tốt hơn. Như đã nói bên trên màn hình Full HD đến thời điểm hiện tại vẫn là quá đủ cho chúng ta trải nghiệm một cách tốt nhất, không hề gây thất vọng.</p>\r\n\r\n<p>Khả năng hiển thị của <em><u>Sony Xperia XZ chính hãng</u></em> được đánh giá rất cao với tấm nền IPS cho khả năng tái tạo màu sắc rất tốt, góc nhìn rộng, độ tương phản và độ sáng ca do đó mọi nội dung sẽ được hiển thị một cách rõ ràng nhất ngay cả dưới điều kiện ánh sáng nắng gay gắt vào các buổi trưa.</p>\r\n\r\n<p><span style="color:#ffa500"><strong>Sony Xperia XZ chính hãng - Cấu hình, hiệu năng và phần mềm</strong></span></p>\r\n\r\n<p><img alt="" src="http://didongthongminh.vn/upload_images/images/Sony%20Xperia%20XZ-10.jpg" style="height:467px; width:700px"></p>\r\n\r\n<p>Là một smartphone đầu bảng nên <strong>Sony Xperia XZ</strong> chính hãng được trang bị bộ vi xử lí Qualcomm Snapdragon 820 mới nhất và mạnh mẽ nhất, 3 GB RAM, bộ nhớ trong lên đến 64 GB cho các bạn thoải mái lưu trữ các nội dung giải trí. Với <em>Xperia XZ</em> bạn sẽ không phải lo về vấn đề hiệu năng của máy khi thiết bị này hoàn toàn đáp ứng tốt mọi nhu cầu sử dụng của bạn từ thấp đế cao. Hệ điều hành Android&nbsp;6.0 kết hợp với XperiaUI cực nhẹ luôn đảm bảo máy luôn hoạt động ổn định, mượt mà.</p>\r\n\r\n<p><img alt="" src="http://didongthongminh.vn/upload_images/images/Sony%20Xperia%20XZ-14.jpg" style="height:467px; width:700px"></p>\r\n\r\n<p>Sony Xperia XZ chính hãng cũng được trang bị một cảm biến vân tay cực nhanh tích hợp vào cùng phím nguồn đặt bên phía cạnh phải của máy nhằm tăng cường khả năng bảo mật cho người dùng.Theo cùng máy là viên pin có dung lượng 2900 mAh không cao cũng không thấp cùng với công nghệ sạc nhanh Quick Charge 3.0 tân tiến sẽ đáp ứng cho bạn ít nhất 1 ngày sử dụng với đầy đủ các nhu cầu một cách vừa phải.</p>\r\n\r\n<p><strong><span style="color:#ffa500">Sony Xperia XZ chính hãng - Camera</span></strong></p>\r\n\r\n<p><img alt="" src="http://didongthongminh.vn/upload_images/images/Sony%20Xperia%20XZ-20.jpg" style="height:467px; width:700px"></p>\r\n\r\n<p>Máy được trang bị camera&nbsp;chính có độ phân giải lên đến 23 MP, khẩu độ F2.0 hỗ trợ lấy nét laser cùng công nghệ lấy nét theo pha cho khả năng lấy nét đối tượng cực kì nhanh. Camera phụ của <strong>Sony Xperia XZ chính hãng</strong> cũng đáng được nhắc đến với cảm biến 13 MP cho khà năng chụp ảnh tự sướng cực đỉnh. Bộ đôi camera này của Sony Xperia XZ chính hãng hứa hẹn sẽ mang lại nhiều trải nghiệm thú vị cho người dùng.</p>\r\n\r\n<p dir="ltr"><span style="font-size:16px"><strong>Tại sao Sony chính hãng lần này lại có mức giá tốt như vậy?</strong></span></p>\r\n\r\n<p dir="ltr"><span style="font-size:14px">Trước đợt hàng này, thị trường cũng đã từng ghi nhận đợt&nbsp;<strong>Sony Xperia Z2 chính hãng</strong>&nbsp;được xả ra trong dịp cuối năm cách đây vài năm. Đặc điểm chung của các lô hàng chính hãng mới này là đều có giá rẻ hơn rất nhiều so với giá chính hãng tại thời điểm đó. Và đợt hàng Sony chính hãng lần này cũng có thêm&nbsp;một vài&nbsp;yếu tố nữa&nbsp;tạo ra mức giá tốt như vậy đó&nbsp;là:</span></p>\r\n\r\n<p dir="ltr"><span style="font-size:14px">- Thứ nhất đây là những lô hàng được xả ra mỗi dịp cuối năm của&nbsp;Sony Việt Nam, nhưng sự khác biệt lớn nhất ở chỗ chúng là&nbsp;<strong>những sản phẩm đã được tân trang</strong>&nbsp;(hay còn gọi&nbsp;<strong>là Refurbished</strong>), tức là những chiếc máy dạng trưng bày, đã bán ra hay chưa bán ra, vì 1 số lý do bị lỗi nhỏ, được Sony thu hồi và sửa chữa lại đảm bảo chất lượng và đóng gói lại đưa ra thị trường, được cam kết bởi chính Sony. Vì vậy nó có mức giá rẻ hơn khá nhiều so với những chiếc máy Chính Hãng mới 100%.</span></p>\r\n\r\n<p dir="ltr"><span style="font-size:14px">- Thứ 2 chế độ bảo hành còn&nbsp;<strong>6 tháng chính hãng của Sony Việt Nam</strong>&nbsp;thay vì 12 tháng như truyền thống, chúng ta còn gọi là hàng trôi bảo hành cũng không sai</span></p>\r\n\r\n<div style="color: rgb(34, 34, 34); font-family: arial, sans-serif; font-size: 12.8px;"><span style="font-size:14px">- Trong đợt hàng đầu tiên SONY Việt Nam thông báo đại lý hàng theo tiêu chuẩn mới và đẹp tuy nhiên với những lô hàng sau đó thì có 1 số sản phẩm về không còn đạt tiêu chuẩn như vậy được nữa mà sẽ có những máy bị xước dăm nhẹ ở một vài vị trí. Những sản phẩm có hình thức xước xát nhỏ vì vậy cũng sẽ có giá rẻ hơn. Vì vậy ở Di Động Thông Minh, những sản phẩm Sony chính hãng Refurbished này sẽ được phân làm 2 loại với mức giá khác nhau.</span></div>\r\n\r\n<p dir="ltr"><img alt="" src="http://didongthongminh.vn/upload_images/images/Sony%20chinh%20hang.jpg" style="height:467px; width:700px"></p>\r\n\r\n<p dir="ltr"><strong>Phân loại Sony chính hãng Refurbished tại Di Động Thông Minh.</strong></p>\r\n\r\n<p dir="ltr"><span style="color:#ff0000"><em><span style="font-size:14px"><strong><span style="font-family:arial,sans-serif">- Sản phẩm cũ tân trang:&nbsp;</span></strong></span></em></span><span style="font-size:14px"><span style="font-family:arial,sans-serif">Là các sản phẩm&nbsp;trong quá trình dùng bị lỗi nhỏ, hay những sản phẩm trưng bày trong quá trình sử dụng bị lỗi&nbsp;được Sony thu hồi và tân trang, sửa chữa lại&nbsp;với chất lượng đảm bảo,&nbsp;hình thức những sản phẩm này sẽ có xước xát nhỏ. Và giá sẽ rẻ hơn, chúng được đóng gói lại dạng&nbsp;FullBox đầy đủ phụ kiện, dán tem của Sony, được bảo hành chính hãng&nbsp;Sony Việt Nam.</span></span></p>\r\n\r\n<p dir="ltr"><span style="color:#ff0000"><em><strong><span style="font-family:arial,sans-serif">- Sản phẩm mới tân trang:&nbsp;</span></strong></em></span><span style="font-size:14px"><span style="font-family:arial,sans-serif">là các sản phẩm chưa bán ra, nhưng có thể phát sinh những lỗi nhỏ và đã được Sony khắc phục và đưa lại&nbsp;ra thị trường. Những máy này có chất lượng gần như máy mới 100%, không có xước xát, và cũng được đóng gói đầy đủ phụ kiện Fullbox, dán tem chính hãng của Sony. Và giá của những chiếc máy này sẽ cao hơn những chiếc máy cũ tân trang nhưng vẫn rẻ hơn rất nhiều so với những máy mới chính hãng 100% trên thị trường</span></span></p>\r\n\r\n<div style="color: rgb(34, 34, 34); font-family: arial, sans-serif; font-size: 12.8px;">&nbsp;</div>\r\n\r\n<div style="color: rgb(34, 34, 34); font-family: arial, sans-serif; font-size: 12.8px;"><span style="font-size:14px">Như vậy về chất lượng có thể thấy những sản phẩm Sony chính hãng Refurbished trong đợt xả hàng này vẫn đảm bảo chất lượng để người dùng có thể yên tâm sử dụng, bởi Sony cũng là 1 thương hiệu mới, có trung tâm bảo hành chính hãng&nbsp;<strong>Sony Center tại Việt Nam.&nbsp;</strong>Nếu bạn không quá quan trọng về hình thức mà chỉ quan trọng trải nghiệm với mức giá hấp dẫn thì có thể lựa chọn những&nbsp;<strong>sản phẩm cũ tân trang</strong>&nbsp;hoặc&nbsp;<strong>sản phẩm mới tân trang</strong>&nbsp;tuỳ thuộc vào kinh tế của mình.</span></div>\r\n\r\n<div style="color: rgb(34, 34, 34); font-family: arial, sans-serif; font-size: 12.8px;">&nbsp;</div>\r\n\r\n<div style="color: rgb(34, 34, 34); font-family: arial, sans-serif; font-size: 12.8px;"><em><span style="font-size:14px"><strong>Di Động Thông Minh cam kết:</strong></span></em></div>\r\n\r\n<div style="color: rgb(34, 34, 34); font-family: arial, sans-serif; font-size: 12.8px;"><span style="font-size:14px">- Tất cả đều là hàng chuẩn 100%, chính hãng Sony&nbsp;Việt Nam,&nbsp;có thể kiểm tra tại trung tâm bảo hành của Sony.&nbsp;</span><span style="font-size:14px">Trước Sony&nbsp;ngay cả Apple&nbsp;và Samsung cũng từng có rất nhiều sản phẩm Refurbished được bán rộng rãi trên thị trường với chất lượng tốt và vẫn nhiều người chọn mua</span></div>\r\n\r\n<div style="color: rgb(34, 34, 34); font-family: arial, sans-serif; font-size: 12.8px;"><span style="font-size:14px">- Máy s</span><span style="color:#333333; font-family:sans-serif,Arial,Verdana,">ẽ được&nbsp;<strong>bảo hành 6 tháng chính hãng</strong>&nbsp;tại các trung tâm bảo hành&nbsp;</span><strong>Sony Center Việt Nam</strong><span style="color:#333333; font-family:sans-serif,Arial,Verdana,">. Với những khách hàng có nhu cầu sử dụng lâu dài Di Động Thông Minh cũng cung cấp thêm gói bảo hành dài hạn để đảm bảo sự yên tâm cũng như cam kết về chất lượng. Với giá trị gói bảo hành chỉ từ&nbsp;</span><span style="font-family:sans-serif,Arial,Verdana,"><strong>200.000vnđ - 300.000vnđ&nbsp;</strong></span><span style="color:#333333; font-family:sans-serif,Arial,Verdana,">để đổi lấy&nbsp;</span><strong>12, 15 tháng bảo hành,</strong><span style="color:#333333; font-family:sans-serif,Arial,Verdana,">&nbsp;mang lại sự yên tâm nhất</span></div>\r\n\r\n<div>&nbsp;</div>\r\n\r\n<p dir="ltr"><strong>Khách hàng có thể kiểm tra bảo hành của máy theo hai cách:</strong></p>\r\n\r\n<p dir="ltr">Cách 1. Truy cập trang kiểm tra bảo hành trực tuyến của Sony<br>\r\nhttp://www.sony.com.vn/microsite/warranty_period/index.html</p>\r\n\r\n<p dir="ltr">Cách 2. Gọi điện đến tổng đài &nbsp;1800.588.885 &nbsp;1900.561.561.</p>\r\n\r\n<p dir="ltr"><strong>Mua&nbsp;Sony Xperia XZ chính hãng bằng hình thức trả góp đơn giản và nhanh chóng?</strong></p>\r\n\r\n<p dir="ltr">Bên cạnh việc mua hàng thanh toán trực tiếp, các bạn cũng thể thực hiện mua&nbsp;<strong>trả góp Sony Xperia XZ​</strong>&nbsp;chính hãng&nbsp;chỉ với một số&nbsp;thủ tục vô cùng đơn giản và nhanh chóng. Để thực hiện mua theo hình thức trả góp, các bạn cần phải đủ 20 tuổi trở lên. Bên cạnh đó,&nbsp;các bạn cần phải đến trực tiếp các showroom của Di Động Thông Minh trên toàn quốc và mang theo đầy đủ&nbsp;các giấy tờ tùy thân đạt&nbsp;chuẩn về mặt pháp lý như chứng minh thư nhân dân, bằng lái xe hoặc&nbsp;sổ hộ khẩu để được tư vấn viên hỗ trợ mua hàng một cách thuận tiện và nhanh nhất.</p>\r\n\r\n<p dir="ltr"><span style="color:#ff8c00"><strong>Chúc các bạn mua hàng vui vẻ!</strong></span></p>\r\n</div>', 0, '2017-04-19 03:00:00', NULL),
(5, 5, 'iPad Air 2 Mới Chưa Kích Hoạt Đủ BH (4G/Wifi)', 'iPad-Air-2-Moi-Chua-Kich-Hoat-Du-BH-4G-wifi', 10840000, 0, 'iPad_Air_2_64GB__5440cce896768.jpg', 1, '<div class="accessories mbm">\r\n				<label>Quà khuyến mãi:</label><br>\r\n				<p><span style="color: rgb(255, 140, 0);"><strong>✿</strong></span>&nbsp;Cam kết chỉ bán iPad nguyên bản ship từ US, JAPAN&nbsp;<br>\r\n✌ Tặng&nbsp;dán màn hình Ultrasheild 3 lớp&nbsp;chống xước, tăng độ mượt&nbsp;<br>\r\n✌ Hỗ trợ tạo Apple ID, tải game/app/ nhạc/ sách trọn đời&nbsp;<br>\r\n✌ Nâng cấp dCare+,dCareS: Tặng ngay bao da trị giá 450.000vnđ&nbsp;<br>\r\n<span style="color: rgb(255, 0, 0);">♥</span>&nbsp;Trợ giá bao da thời trang chỉ với 250K&nbsp;<br>\r\n<span style="color: rgb(255, 0, 0);">♥</span>&nbsp;Trợ giá sạc, cable Pisen 249K, chính hãng Apple 349K&nbsp;<br>\r\n<span style="color: rgb(255, 0, 0);">♥</span>&nbsp;Trợ giá tai nghe Apple cao cấp 99K, chính hãng 299K&nbsp;<br>\r\n<span style="color: rgb(255, 0, 0);">♥</span>&nbsp;Trợ giá PDP Xiaomi 16.000mah Chính hãng sạc chuyên cho iPad Giá 469K&nbsp;<br>\r\n<span style="color: rgb(255, 0, 0);">♥</span>&nbsp;Trợ giá combo {Sim 3G dung lượng khủng + dán cường lực} chỉ 199K</p>			</div>', '<table class="charactestic_table" border="0" cellpadding="5px" width="100%">\r\n																				<tbody><tr class="tr-0">\r\n						<td class="title_charactestic" width="30%">\r\n							Màn hình						</td>\r\n						<td class="content_charactestic">\r\n															9.7 inches (~264 ppi pixel density)(1536 x 2048 pixels, LED-backlit IPS LCD, capacitive touchscreen, 16M colors)													</td>\r\n					</tr>\r\n																										<tr class="tr-1">\r\n						<td class="title_charactestic" width="30%">\r\n							CPU						</td>\r\n						<td class="content_charactestic">\r\n															Apple A8XCPU	Triple-core 1.5 GHz													</td>\r\n					</tr>\r\n																										<tr class="tr-0">\r\n						<td class="title_charactestic" width="30%">\r\n							RAM						</td>\r\n						<td class="content_charactestic">\r\n															2 GB RAM DDR3													</td>\r\n					</tr>\r\n																										<tr class="tr-1">\r\n						<td class="title_charactestic" width="30%">\r\n							Kích thước						</td>\r\n						<td class="content_charactestic">\r\n															240 x 169.5 x 6.1 mm													</td>\r\n					</tr>\r\n																										<tr class="tr-0">\r\n						<td class="title_charactestic" width="30%">\r\n							Camera						</td>\r\n						<td class="content_charactestic">\r\n															8 MP, 3264 x 2448 pixels, autofocus													</td>\r\n					</tr>\r\n																										<tr class="tr-1">\r\n						<td class="title_charactestic" width="30%">\r\n							Bộ nhớ trong						</td>\r\n						<td class="content_charactestic">\r\n															16/32/64 GB													</td>\r\n					</tr>\r\n																										<tr class="tr-0">\r\n						<td class="title_charactestic" width="30%">\r\n							Quay phim						</td>\r\n						<td class="content_charactestic">\r\n															1080p@30fps													</td>\r\n					</tr>\r\n																			</tbody></table>', '<div class="specification_long hide"><h1><span style="font-size:12px;"><strong>iPad</strong>&nbsp;luôn là chiếc máy tính bảng&nbsp;mơ ước của đại đa số các bạn trẻ yêu thích công nghệ vì tính tiện dụng của nó cả trong công việc lẫn giải trí.&nbsp;<span style="line-height: 1.6em;">&nbsp;</span><strong style="font-size: 13px; line-height: 1.6em;">iPad Air 2</strong><span style="line-height: 1.6em;"> với những điểm nâng cấp vô cùng sáng giá về mọi mặt: mỏng nhẹ sang trọng, màn hình tuyệt đẹp, camera đẳng cấp và hơn thế nữa. Bạn còn chờ gì nữa mà không khám phá cả thế giới ngay trong tầm tay cùng&nbsp;</span><strong style="font-size: 13px; line-height: 1.6em;">iPad Air 2</strong></span></h1>\r\n\r\n<p align="center"><img alt="" src="/upload_images/images/ipad-air2-2.jpg" style="width: 600px; height: 289px;"></p>\r\n\r\n<p><strong>Thiết kế tuyệt đẹp và cao cấp, siêu mỏng nhẹ</strong></p>\r\n\r\n<p>&nbsp;</p>\r\n\r\n<p><strong>iPad Air 2</strong>&nbsp;đẹp đến mức một khi cầm máy lên, bạn sẽ bị quyến rũ mà không muốn bỏ máy xuống. Một thiết kế kim loại cao cấp bao trọn thân máy, lớp vỏ nhôm sắc lạnh được cắt kim cương tỉ mỉ đến từng đường nét nhỏ tạo nên vẻ đẹp vừa sang trọng, vừa mạnh mẽ của <strong>iPad Air 2</strong>. Máy sở hữu độ mỏng 6,1mm – một độ mỏng không thể tin nổi cho một chiếc máy tính bảng. Việc mỏng nhẹ bất ngờ giúp cho iPad Air 2 hoàn toàn có thể cầm nắm nhẹ nhàng trong một tay.</p>\r\n\r\n<p align="center">&nbsp;</p>\r\n\r\n<p>iPad Air 2 có ba màu: bạc sang trọng, xám không gian và đặc biệt là phiên bản màu vàng mới đầy cao cấp. Với iPad Air 2, bạn sẽ có trong tay một chiếc máy tính bảng đẹp, thời trang và tinh tế nhất.</p>\r\n\r\n<p>&nbsp;</p>\r\n\r\n<p align="center"><img alt="" src="/upload_images/images/ipad-air2-4.jpg" style="width: 600px; height: 246px;"></p>\r\n\r\n<p><strong>Màn hình mỏng, sống động sắc nét</strong></p>\r\n\r\n<p>&nbsp;</p>\r\n\r\n<p>Những chiếc&nbsp;<strong>iPad&nbsp;</strong>trước đây sử dụng màn hình cấu thành từ ba phần riêng biệt. Màn hình &nbsp;iPad Air 2 Wifi 16GB đã có bước cải tiến đột phá khi kết hợp ba lớp này thành một, qua đó loại bỏ phần khoảng trống giữa các lớp. Kết quả là bạn sẽ có một màn hình tuyệt vời với màu sắc phong phú, độ tương phản cao, hình ảnh sắc nét và sống động hơn.</p>\r\n\r\n<p>Việc sắp xếp màn hình theo công nghệ mới cũng giúp cho độ nhạy của màn hình cảm ứng tốt hơn nhiều, bạn sẽ có những thao tác cực kỳ chính xác trong mọi việc: lướt web, chơi trò chơi, xem ảnh, … Mọi phản hồi đều diễn ra ngay lập tức.</p>\r\n\r\n<p align="center">&nbsp;</p>\r\n\r\n<p>Màn hình&nbsp;<strong>iPad Air 2&nbsp;</strong>càng tuyệt vời hơn khi có lớp phủ chống chói làm giảm độ chói đến 56%, giúp máy luôn mang đến những hình ảnh tuyệt vời ngay cả khi bạn sử dụng ngoài trời nắng. Cuối cùng, không thể không nhắc đến độ phân giải siêu cao 2048x1536 pixel trên màn hình 9,7 inch, mang đến những hình ảnh sắc nét, màu sắc chân thực một cách hoàn hảo.</p>\r\n\r\n<p>&nbsp;</p>\r\n\r\n<p><strong>Mạnh mẽ và tiết kiệm với vi xử lý A8X 64 bit thế hệ mới</strong></p>\r\n\r\n<p>&nbsp;</p>\r\n\r\n<p>Nằm trong kích thước mỏng nhẹ của &nbsp;<strong>iPad Air 2</strong> là bộ vi xử lý A8X vô cùng mạnh mẽ được xây dựng dựa trên kiến trúc 64 bit. Xây dựng mạnh như một con chip máy tính, chip A8X cho tốc độ và khả năng xử lý đồ họa xuất sắc. Bạn có thể làm mọi việc mà một máy tính có thể làm trên iPad Air 2 nhanh chóng nhờ con chip này. So với chip A7 trên iPad Air thế hệ trước, chip A8X có hiệu năng CPU nhanh hơn 40% và khả năng xử lý đồ họa gấp 2,5 lần. Còn gì tuyệt vời hơn khi bạn thưởng thức những game 3D đồ họa cao trên màn hình Retina lớn của iPad Air 2?</p>\r\n\r\n<p>Không những mạnh mẽ, chip A8X cùng xử lý chuyển động M8 trên &nbsp;<strong>iPad Air 2&nbsp;</strong>còn rất tiết kiệm và ít tỏa nhiệt, mang đến thời lượng pin dài đến 10 giờ, cho bạn trải nghiệm nhiều hơn mà năng lượng tiêu tốn lại ít hơn.</p>\r\n\r\n<p>&nbsp;</p>\r\n\r\n<p align="center">&nbsp;</p>\r\n\r\n<p>&nbsp;</p>\r\n\r\n<p><strong>Bảo mật tuyệt đối trên cảm biến vân tay Touch ID</strong></p>\r\n\r\n<p>&nbsp;</p>\r\n\r\n<p><strong>iPad Air 2&nbsp;</strong>&nbsp;sở hữu công nghệ đột phá cảm biến vân tay Touch ID. Bạn sẽ có được độ an toàn cao nhất khi sử dụng thiết bị vì chìa khóa chính là dấu vân tay của bạn. Việc bảo mật không những an toàn mà còn nhanh chóng hơn, chỉ một lần chạm vào phím Home – bạn đã có thể mở khóa iPad Air 2. Touch ID mới trên iPad Air 2 &nbsp;không chỉ để mở khóa mà bạn còn dùng nó để mua hàng trên iTunes, iBooks, App Store mà không phải mất thời gian nhập mật khẩu. Hơn thế nữa, Apple Pay cho phép bạn mở cửa thế giới mua sắm online cực nhanh, thuận tiện và an toàn.</p>\r\n\r\n<p>&nbsp;</p>\r\n\r\n<p style="text-align: center;"><img alt="" src="/upload_images/images/ipad-air2-7.jpg" style="width: 600px; height: 343px;"></p>\r\n\r\n<p>&nbsp;</p>\r\n\r\n<p><strong>Bộ đôi camera đầy chuyên nghiệp</strong></p>\r\n\r\n<p>&nbsp;</p>\r\n\r\n<p><strong>iPad Air 2</strong>&nbsp;được trang bị camera iSight với nhiều cải tiến, đặc biệt là độ phân giải 8MP và cảm biến hình ảnh BSI, giúp ảnh chụp đầy đủ chi tiết ngay cả trong điều kiện thiếu sáng. Vi xử lý tốt còn cho phép khả năng xử lý hình ảnh nhanh và mạnh mẽ hơn. Bạn cũng sẽ có rất nhiều tính năng mới như chụp toàn cảnh, quay video chậm slow-motion hay chế độ hẹn giờ chụp. Với&nbsp;<em>iPad Air 2</em>, bạn đã có thể chụp ảnh một cách chuyên nghiệp.</p>\r\n\r\n<p>Không chỉ camera chính, camera trước FaceTime HD cũng được nâng cấp với cảm biến BSI và tính năng HDR. Bạn sẽ có những cuộc gọi video chất lượng cao và những bức ảnh selfie thú vị.</p>\r\n\r\n<p>&nbsp;</p>\r\n\r\n<p align="center">&nbsp;</p>\r\n\r\n<p>&nbsp;</p>\r\n\r\n<p><strong>Wifi chuẩn ac siêu nhanh</strong></p>\r\n\r\n<p>&nbsp;</p>\r\n\r\n<p>Kết nối không dây trên<strong>&nbsp;iPad Air 2 Wifi 16GB</strong>&nbsp;đã lên một tầm cao mới khi Wifi được nâng cấp lên chuẩn ac, nhanh hơn chuẩn n cũ đến 2,8 lần và cho tốc độ tối đa lên đến 866Mbs. Bạn sẽ có được những trải nghiệm nhanh chóng cùng mạng Internet trong bất cứ hoàn cảnh nào.</p>\r\n\r\n<p>&nbsp;</p>\r\n\r\n<p align="center">&nbsp;</p>\r\n\r\n<p>&nbsp;</p>\r\n\r\n<p><strong>Kho ứng dụng phong phú trên hệ điều hành iOS 8</strong></p>\r\n\r\n<p>&nbsp;</p>\r\n\r\n<p>Hệ điều hành iOS 8 trên&nbsp;<strong>iPad Air 2</strong>&nbsp;cho bạn những tính năng tiên tiến nhất và tận dụng tối đa sự mạnh mẽ của con chip A8X, mang đến những trải nghiệm mượt mà và hiệu quả. Bạn có đầy đủ những ứng dụng miễn phí mà mình cần cho mỗi ngày như lướt web, kiểm tra email, chỉnh sửa phim ảnh, viết bài hay đọc sách. Tất cả đều hiển thị rõ nét ngay trên màn hình Retina của&nbsp;<strong>iPad Air 2&nbsp;</strong>. Dù là công việc hay giải trí, bạn đều sẽ có những ứng dụng tốt nhất.</p>\r\n\r\n<p>&nbsp;</p>\r\n\r\n<p align="center">&nbsp;</p>\r\n\r\n<p>&nbsp;</p></div>', 0, '2017-04-19 07:00:00', NULL),
(6, 6, 'Samsung Galaxy Note 10.1(2014 Edition) chính hãng', 'Samsung-Galaxy-Note-101-2014-edition-chinh-hang', 12590000, 0, 'Samsung_Galaxy_N_540429374d7dc.jpg', 1, '<div class="accessories mbm">\r\n				<label>Quà khuyến mãi:</label><br>\r\n				<p><span style="color: rgb(34, 34, 34); font-family: Verdana, Arial, sans-serif; font-size: 12px; line-height: 25px;">- Bút cảm ứng đa năng tiện dụng&nbsp;</span><br style="color: rgb(34, 34, 34); font-family: Verdana, Arial, sans-serif; font-size: 12px; line-height: 25px;">\r\n<span style="color: rgb(34, 34, 34); font-family: Verdana, Arial, sans-serif; font-size: 12px; line-height: 25px;">- Bảo vệ màn hình trị giá 100.000vnđ</span><br style="color: rgb(34, 34, 34); font-family: Verdana, Arial, sans-serif; font-size: 12px; line-height: 25px;">\r\n<span style="color: rgb(34, 34, 34); font-family: Verdana, Arial, sans-serif; font-size: 12px; line-height: 25px;">- Giảm 20% khi mua phụ kiện</span><br style="color: rgb(34, 34, 34); font-family: Verdana, Arial, sans-serif; font-size: 12px; line-height: 25px;">\r\n<span style="color: rgb(34, 34, 34); font-family: Verdana, Arial, sans-serif; font-size: 12px; line-height: 25px;">- Hỗ trợ mua thẻ nhớ 16G class 10 giá 250.000vnd</span><br style="color: rgb(34, 34, 34); font-family: Verdana, Arial, sans-serif; font-size: 12px; line-height: 25px;">\r\n<span style="color: rgb(34, 34, 34); font-family: Verdana, Arial, sans-serif; font-size: 12px; line-height: 25px;">- Hỗ trợ mua Pin dự phòng 5000mAh Chính hãng chỉ 399.000</span><br style="color: rgb(34, 34, 34); font-family: Verdana, Arial, sans-serif; font-size: 12px; line-height: 25px;">\r\n<span style="color: rgb(34, 34, 34); font-family: Verdana, Arial, sans-serif; font-size: 12px; line-height: 25px;">- Hỗ trợ mua Pin dự phòng 7500mAh Chính hãng chỉ 499.000</span><br style="color: rgb(34, 34, 34); font-family: Verdana, Arial, sans-serif; font-size: 12px; line-height: 25px;">\r\n<span style="color: rgb(34, 34, 34); font-family: Verdana, Arial, sans-serif; font-size: 12px; line-height: 25px;">- Cài đặt Nhạc chuông, Game, Up Rom, Phần mềm bản quyền trọn đời</span></p>			</div>', '<table class="charactestic_table" border="0" cellpadding="5px" width="100%">\r\n																				<tbody><tr class="tr-0">\r\n						<td class="title_charactestic" width="30%">\r\n							Màn hình						</td>\r\n						<td class="content_charactestic">\r\n															10.1 inches (~299 ppi pixel density)(2560 x 1600 pixels)													</td>\r\n					</tr>\r\n																										<tr class="tr-1">\r\n						<td class="title_charactestic" width="30%">\r\n							CPU						</td>\r\n						<td class="content_charactestic">\r\n															Qualcomm Snapdragon 800 quad-core 1.3 GHz Cortex-A7													</td>\r\n					</tr>\r\n																										<tr class="tr-0">\r\n						<td class="title_charactestic" width="30%">\r\n							RAM						</td>\r\n						<td class="content_charactestic">\r\n															3 GB													</td>\r\n					</tr>\r\n																										<tr class="tr-1">\r\n						<td class="title_charactestic" width="30%">\r\n							Kích thước						</td>\r\n						<td class="content_charactestic">\r\n															10.1 inches (~299 ppi pixel density)													</td>\r\n					</tr>\r\n																										<tr class="tr-0">\r\n						<td class="title_charactestic" width="30%">\r\n							Camera						</td>\r\n						<td class="content_charactestic">\r\n															8 MP, 3264 x 2448 pixels, autofocus, LED flash													</td>\r\n					</tr>\r\n																										<tr class="tr-1">\r\n						<td class="title_charactestic" width="30%">\r\n							Bộ nhớ trong						</td>\r\n						<td class="content_charactestic">\r\n															16Gb													</td>\r\n					</tr>\r\n																										<tr class="tr-0">\r\n						<td class="title_charactestic" width="30%">\r\n							Quay phim						</td>\r\n						<td class="content_charactestic">\r\n															1080p@60fps (LTE model)													</td>\r\n					</tr>\r\n																			</tbody></table>', 'Chưa có đánh giá', 4, '2017-04-19 07:00:00', NULL);
INSERT INTO `sanpham` (`id`, `idhangsp`, `tensp`, `tenkhongdau`, `gia`, `giamgia`, `urlhinh`, `tinhtrang`, `khuyenmai`, `tomtat`, `chitiet`, `luotxem`, `created_at`, `updated_at`) VALUES
(7, 7, 'Asus Fonepad 7(FE170CG) Chính hãng', 'Asus-Fonepad-7-FE170CG-Chinh-hang', 2790000, 0, 'Asus_Fonepad_7_F_53880d5610ad3.jpg', 1, '<div class="accessories mbm">\r\n				<label>Quà khuyến mãi:</label><br>\r\n				<p>- Hỗ trợ mua sim 3G Vinaphone giá chỉ 60.000đ - Giảm 20% khi mua kèm ốp lưng, bao da. - Hỗ trợ mua tai nghe 4s giá 80.000đ - Hỗ trợ mua tai nghe 5s giá 120.000đ - Hỗ trợ mua thẻ nhớ 16G class 10 giá 250.000vnd - Hỗ trợ mua Pin dự phòng 5000mAh Chính hãng chỉ 399.000 - Hỗ trợ mua Pin dự phòng 7500mAh Chính hãng chỉ 499.000 - Cài đặt Nhạc chuông, Game, Up Rom, Phần mềm bản quyền trọn đời</p>			</div>', '<table class="charactestic_table" border="0" cellpadding="5px" width="100%">\r\n																				<tbody><tr class="tr-0">\r\n						<td class="title_charactestic" width="30%">\r\n							Màn hình						</td>\r\n						<td class="content_charactestic">\r\n															7.0 inches (1024 x 600 pixels (~216 ppi pixel density))													</td>\r\n					</tr>\r\n																										<tr class="tr-1">\r\n						<td class="title_charactestic" width="30%">\r\n							CPU						</td>\r\n						<td class="content_charactestic">\r\n															Intel® Atom™ Z2520 Dual-Core, 1.2 GHz													</td>\r\n					</tr>\r\n																										<tr class="tr-0">\r\n						<td class="title_charactestic" width="30%">\r\n							RAM						</td>\r\n						<td class="content_charactestic">\r\n															1 GB													</td>\r\n					</tr>\r\n																										<tr class="tr-1">\r\n						<td class="title_charactestic" width="30%">\r\n							Kích thước						</td>\r\n						<td class="content_charactestic">\r\n															7.0 inches													</td>\r\n					</tr>\r\n																										<tr class="tr-0">\r\n						<td class="title_charactestic" width="30%">\r\n							Camera						</td>\r\n						<td class="content_charactestic">\r\n															2 MP (1600 x 1200 pixels)													</td>\r\n					</tr>\r\n																										<tr class="tr-1">\r\n						<td class="title_charactestic" width="30%">\r\n							Bộ nhớ trong						</td>\r\n						<td class="content_charactestic">\r\n															8GB													</td>\r\n					</tr>\r\n																										<tr class="tr-0">\r\n						<td class="title_charactestic" width="30%">\r\n							Quay phim						</td>\r\n						<td class="content_charactestic">\r\n															Yes, 720p													</td>\r\n					</tr>\r\n																			</tbody></table>', '<div class="specification_long hide"><h2><span style="font-family: helvetica; font-size: 12pt; color: #000000;"><span style="font-weight: normal;"><img alt="ASUS-FONEPAD-2 copy" height="300" src="/upload_images/images/15/03/18/ASUS-FONEPAD-2_copy.jpg" style="display: block; margin-left: auto; margin-right: auto;" width="650"></span></span></h2>\r\n\r\n<h2><span style="font-family: helvetica; font-size: 12pt; color: #000000;"><span style="font-weight: normal;">Sau khi gây ấn tượng với loạt sản phẩm Zenfone giá rẻ mới nhất tại thị trường Việt, Asus tiếp tục làm nóng thị trường tablet giá rẻ khi cho ra mắt Fonepad - chiếc tablet 7-inch đầu tiên trên thế giới trang bị nền tảng Intel® Lexington với chức năng gọi điện thoại và kết nối di động 3G.Vậy trải nghiệm thực tế máy tính bảng này sẽ như thế nào? Mời bạn cùng <span style="font-family: helvetica; font-size: 12pt; color: #000000;"><span style="font-weight: normal;">Di Động Thông Minh </span></span>đánh giá sơ bộ về chiếc tablet này</span><span style="font-weight: normal;"> </span></span></h2>\r\n\r\n<hr id="system-readmore">\r\n<p><strong><span style="font-family: helvetica; font-size: 12pt; color: #000000;">1.Thiết kế</span></strong></p>\r\n\r\n<p style="text-align: justify;"><span style="font-family: helvetica; font-size: 12pt; color: #000000;">Về tổng quan thiết kế,&nbsp; có nhiều điểm tương đồng với các sản phẩm tablet 7 inch của Asus như Nexus 7 và Memo Pad. Tuy nhiên lại có sự khác biệt ở chất liệu vỏ cũng như phần nắp sau tháo được để thay sim và thẻ nhớ. Thiết kế khá mỏng, chỉ dày 10.4 mm, FonePad 7(FE170CG-1A026A) cho bạn cảm giác nhẹ nhàng khi cầm máy, thoải mái cầm nắm bằng một tay, có thể xoay ngang, xoay dọc thuận tiện, nhưng vẫn đem lại cảm giác chắc chắn. </span></p>\r\n\r\n<p><span style="font-family: helvetica; font-size: 12pt; color: #000000;">&nbsp;+ Mặt trước máy là màn hình cảm ứng rộng 7 inch, s<span style="font-family: helvetica; font-size: 12pt; color: #000000;">o với các máy tính bảng khác, điểm khác biệt dễ nhận ra nhất của <a href="http://didongthongminh.vn/asus/asus-fonepad-7fe170cg-1a026a-p396.html">Asus Fonepad 7</a>(FE170CG-1A026A) là một loa thoại mở ngay phía trên màn hình, cho phép người dùng nghe trực tiếp khi sử dụng tính năng gọi điện. Ngoài loa thoại này, mặt trước của nó khá giống với chiếc MeMO Pad voi lớp phủ màn hình xám, camera ở phía trên màn hình, còn logo ASUS ở phía dưới.</span> Rìa màn hình&nbsp;<span style="font-family: helvetica; font-size: 12pt; color: #000000;"><b>Fonepad</b></span> rõ ràng khá lớn nhưng thực sự việc cầm Fonepad bằng một tay vẫn khá thoải mái do các cạnh được vát cong rất ôm tay. Nếu bạn cảm thấy việc cầm máy áp vào tai khi đàm thoại gây mỏi tay và trông hơi “kỳ cục” thì có thể trang bị thêm một tai nghe Bluetooth không dây.</span></p>\r\n\r\n<p><span style="font-family: helvetica; font-size: 12pt; color: #000000;"><img alt="asus-fonepad clip image001-1" height="430" src="/upload_images/images/15/03/18/asus-fonepad_clip_image001-1.jpg" style="display: block; margin-left: auto; margin-right: auto;" width="510"></span></p>\r\n\r\n<p><span style="font-family: helvetica; font-size: 12pt; color: #000000;">+ Mặt sau là nắp lưng bằng kim loại và hơi bo cong về phía màn hình, <span style="font-family: helvetica; font-size: 12pt; color: #000000;"><span style="font-family: helvetica; font-size: 12pt; color: #000000;">khá trơn nhẵn và tạo cảm giác sang trọng, cứng cáp khi cầm và sử dụng</span></span>. Nắp kim loại này cũng không bám vân tay và giải nhiệt cho máy rất tốt nhưng khá dễ trầy xước, đó là điểm trừ nho nhỏ cho chiếc tablet này. Cụm camera của máy được làm nhô cao, thiết kế này làm cho một phần nắp lưng không chạm mặt bàn tuy nhiên lại làm tăng khả năng trầy xước của viền camera. Phần nắp phía trên camera có màu hơi khác biệt chính là nơi bạn có thể dễ dàng tháo ra để lắp microSIM và thẻ nhớ microSD. Riêng phần nắp nhỏ này được làm bằng nhựa, sơn phủ bóng màu đồng hoặc màu ghi tùy phiên bản. Có lẽ việc sử dụng chất liệu nhựa để người dùng có thể dễ dàng tháo lắp hơn tuy nhiên nếu sử dụng trong thời gian dài sẽ khiến máy trở nên ọp ẹp, đây chính là điểm mình đánh giá không cao trong thiết kế này. </span><span style="font-family: helvetica; font-size: 12pt;"><em><span style="font-style: normal;"><span style="color: #000000;">Ở phía dưới của mặt lưng máy là logo Intel Inside được sơn trực tiếp và các thông số kỹ thuật khác.</span> </span></em><i>&nbsp;</i></span></p>\r\n\r\n<p><span style="font-family: helvetica; font-size: 12pt; color: #000000;"><i>&nbsp;<img alt="Asus Fonepad 6" height="374" src="images/tintuc/Asus_Fonepad_6.JPG" style="display: block; margin-left: auto; margin-right: auto;" width="588"></i></span></p>\r\n\r\n<p style="text-align: justify;"><span style="font-family: helvetica; font-size: 12pt; color: #000000;">+ <span style="font-family: helvetica; font-size: 12pt; color: #000000;"><em><span style="font-style: normal;">Cạnh trái của&nbsp; máy được bố trí nút nguồn (tắt/ mở máy) cũng như phím Tăng/ Giảm âm lượng, trong khi cạnh phải lại trơn nhẵn và không có thêm phím cứng nào. </span></em></span>Đối với một người thuận tay phải như mình thì phím được đặt ở bên phải, như trên Nexus 7, sẽ dễ bấm hơn. Do sử dụng cùng chất liệu với mặt sau nên trông các nút bấm này cũng khá đẹp.</span></p>\r\n\r\n<p><span style="font-family: helvetica; font-size: 12pt; color: #000000;"><em><span style="font-style: normal;"><img alt="Asus-fonepa6" height="440" src="/upload_images/images/15/03/18/Asus-fonepa6.jpg" style="display: block; margin-left: auto; margin-right: auto;" width="600"></span></em></span></p>\r\n\r\n<p><span style="font-family: helvetica; font-size: 12pt; color: #000000;"><em><span style="font-style: normal;">+ Cạnh dưới có khe cắm sạc với cổng microUSB và giắc cắm tai nghe 3,5mm còn cạnh trên trơn bóng.</span></em></span></p>\r\n\r\n<p><img alt="Asus-fonepa-7" height="514" src="/upload_images/images/15/03/18/Asus-fonepa-7.jpg" style="display: block; margin-left: auto; margin-right: auto;" width="600"></p>\r\n\r\n<p><span style="font-size: 12pt; color: #000000;"><span style="font-family: helvetica;">=&gt;</span> <span style="font-family: helvetica;">Có thể nói thiết kế là điểm tạo nên sự khác biệt cho ASUS Fonepad: đẹp, chắc chắn, vừa tay.</span> </span></p>\r\n\r\n<p><span style="font-size: 12pt; color: #000000;"><span style="font-family: helvetica;">&nbsp;</span></span></p>\r\n\r\n<p style="text-align: justify;"><span style="font-family: helvetica; font-size: 12pt;"><b>2. Màn hình:</b></span></p>\r\n\r\n<p style="text-align: center;"><span style="font-family: helvetica; font-size: 12pt;"><img alt="ASUS-FONEPAD-3" height="300" src="/upload_images/images/15/03/18/ASUS-FONEPAD-3.jpg" width="650"></span></p>\r\n\r\n<p style="text-align: justify;"><span style="font-family: helvetica; font-size: 12pt; color: #000000;"><strong>Asus FonePad&nbsp;7(FE170CG-1A026A)</strong> được trang bị màn hình cảm ứng đa điểm rộng 7 inch, công nghệ IPS, độ phân giải 1024 x 600 pixels cho hình ảnh rõ ràng, sắc nét để đọc văn bản trên web và xem hình thật tinh tế. Công nghệ IPS đảm bảo màu sắc hiển thị thật sống động, góc nhìn rộng 178 độ giúp người xem quan sát từ mọi góc nhìn với hình ảnh tương đối rõ ràng, tươi sáng.&nbsp;<a href="http://didongthongminh.vn/asus/asus-fonepad-7-dua-sim-3g175cg-p917.html"><strong>Asus Fonepad </strong></a>cũng có nhiều lựa chọn về độ sáng, nếu như ở ngoài trời thì bạn có thể lựa chọn tính năng Outdoor Mode, khi đó độ sáng được tăng cường, giúp cho người dùng có thể nhìn tốt hơn. Tất nhiên là với cái nắng chói chang giữa những ngày hè này thì khi sử dụng ngoài trời, màn hình hiển thị hơi khó nhìn là điều khó tránh. Ngoài ra, phần mềm ASUS Splendid cho phép người dùng tùy chỉnh màu sắc hiển thị trên màn hình sử dụng. Bạn có thể thoải mái tăng, giảm cường độ màu sắc để nhạt, đậm, ngả xanh hay đỏ tùy theo ý thích.</span></p>\r\n\r\n<p style="text-align: justify;"><span style="font-family: helvetica; font-size: 12pt; color: #000000;">&nbsp;</span></p>\r\n\r\n<p><span style="font-family: helvetica; font-size: 12pt; color: #000000;"><b>3. Cấu hình, hiệu năng:</b></span></p>\r\n\r\n<p><span style="font-family: helvetica; font-size: 12pt; color: #000000;"><strong>Asus FonePad</strong> được trang bị vi xử lý Intel® Atom™ Z2520 Dual-Core, 1.2 GHz , nhân đồ họa PowerVR SGX540, RAM 1GB với<span style="font-family: helvetica; font-size: 12pt; color: #000000;"> 2 phiên bản 8GB &amp; 16GB, đồng thời tích hợp khe cắm thẻ nhớ SD lên đến 32GB để mở rộng khả năng lưu trữ.</span> Mình đã đo thử điểm benmark, </span><span style="font-family: helvetica; font-size: 12pt; color: #000000;">ASUS FonePad đạt 15000 điểm trong bài kiểm tra với AnTuTu:</span></p>\r\n\r\n<p style="text-align: center;"><span style="font-family: helvetica; font-size: 12pt; color: #000000;"><img alt="ASUS-FONEPAD-5" height="300" src="/upload_images/images/15/03/18/ASUS-FONEPAD-5.jpg" width="650"></span></p>\r\n\r\n<p><span style="font-family: helvetica; font-size: 12pt; color: #000000;"><span style="font-family: helvetica; font-size: 12pt; color: #000000;">Tuy cấu hình không cao nhưng</span> <span style="font-family: helvetica; font-size: 12pt; color: #000000;">Fonepad cũng có khả năng đáp ứng những game thông dụng trên Android</span>. Mình có cài thử các game phổ biến như Asphalt 7 hay chém hoa quả thì Fonepad chạy tốt, có cái khi khơi động phần mềm thì nó hơi lâu một chút.&nbsp; Asus cũng trang bị cho máy khá đầy đủ các phần mềm và tiện ích cần thiết như hệ thống phím tắt và tuỳ chỉnh nhanh trên khu vực Notifications, các mini app ở góc dưới màn hình. Đặc biệt là phần mềm Instant Dictionary, tra chéo từ điển trong các phần mềm khác, có hỗ trợ tiếng việt và yêu cầu cần có kết nối internet mới sử dụng được.</span></p>\r\n\r\n<p><span style="font-family: helvetica; font-size: 12pt; color: #000000;">&nbsp;</span></p>\r\n\r\n<p><span style="font-family: helvetica; font-size: 12pt; color: #000000;">Chiếc tablet mới của Asus có thể chạy mượt video độ phân giải 720p nhưng ngưỡng 1080p dường như vẫn là một mục tiêu “khó nhằn”, máy xử lý kém hơn, giật nhiều đến mức gần như không xem được. Tuy nhiên điểm mình thích nhất trên chiếc tablet này chính là&nbsp; Fonepad ít khi bị nóng, nhiệt độ cao nhất đo được trong quá trình sử dụng là 32,5 độ và trung bình là 30 độ.</span></p>\r\n\r\n<p><span style="font-family: helvetica; font-size: 12pt;"><span style="font-family: helvetica; font-size: 12pt;"><b>4<span style="font-family: helvetica; font-size: 12pt; color: #000000;"><b>. </b></span>&nbsp;<span style="color: #000000;">Camera</span></b></span></span></p>\r\n\r\n<p><span style="font-family: helvetica; font-size: 12pt;">Giống như một chiếc điện thoại thông thường, Fonepad được trang bị đến hai máy ảnh ở cả mặt trước và mặt sau. Máy ảnh ở mặt sau có độ phân giải 2 megapixel, có thể quay phim với độ phân giải 720; còn máy ảnh mặt trước có độ phân giải 0.3 megapixel.</span></p>\r\n\r\n<p><span style="font-family: helvetica; font-size: 12pt;">&nbsp;<img alt="xl Asus-Fonepad-5-624" src="/upload_images/images/15/03/18/xl_Asus-Fonepad-5-624.jpg" style="display: block; margin-left: auto; margin-right: auto;"></span></p>\r\n\r\n<p>&nbsp;</p>\r\n\r\n<p><span style="font-family: helvetica; font-size: 12pt; color: #000000;">Tuy tính năng chụp ảnh trên Fonepad không được nhấn mạnh, chất lượng ảnh chụp từ thiết bị này cũng không tệ. Ảnh chụp khi trời sáng có độ chi tiết khá, không bị bết mặc dù độ phân giải không cao. Về màu sắc, một số màu như đỏ hay vàng đậm có xu hướng nhạt nhạt hơn, độ chi tiết thấp . Do không có đèn flash trợ sáng, Fonepad lấy nét khá chậm trong điều kiện ánh sáng yếu. </span></p>\r\n\r\n<p><span style="font-family: helvetica; font-size: 12pt;"><span style="font-family: helvetica; font-size: 12pt;"><strong>5<span style="font-family: helvetica; font-size: 12pt; color: #000000;"><b>. Giao diện, tính năng:</b></span></strong></span></span></p>\r\n\r\n<p><span style="font-family: helvetica; font-size: 12pt; color: #000000;">FonePad sử dựng giao diện khá đơn giản, gần như là nguyên gốc của Android 4.1.2. Khác với các hãng Samsung và Sony khi đưa quá nhiều tùy biến độc quyền vào, <a href="http://didongthongminh.vn/san-pham/dien-thoai-3/loc-san-pham:hang-san-xuat-asus.html">ASUS</a> đã tối giản những thứ không cần thiết, khiến máy chạy mượt mà, giao diện đơn giản dễ dùng. Trình quản lý đa nhiệm trên ASUS FonePad rất tốt khi hỗ trợ và chạy mượt đồng thời cả 6 ứng dụng .</span></p>\r\n\r\n<p style="text-align: justify;"><span style="font-family: helvetica; font-size: 12pt; color: #000000;"><img alt="Z6RKdtZWuK5Ns7Ucjof7iqK-wvKbZvdhI-dbwzJMU ylRGQ5H2oK6h0lWyo88QjxZxNCal6rCprsAbeSXKCOjQyt qDksMPgmIHUGx jLttb-3eGg2hnwn7Msz5QHWyw" height="248" src="/upload_images/images/15/03/18/Z6RKdtZWuK5Ns7Ucjof7iqK-wvKbZvdhI-dbwzJMU_ylRGQ5H2oK6h0lWyo88QjxZxNCal6rCprsAbeSXKCOjQyt_qDksMPgmIHUGx_jLttb-3eGg2hnwn7Msz5QHWyw.jpg" width="155"><img alt="Z6RKdtZWuK5Ns7Ucjof7iqK-wvKbZvdhI-dbwzJMU xACYj8nO FmTo90fI3WOdbKSGpsuNT8nuBp1sTAE7twFvmQUrEjSiUfTNEnwt7B6aNz2uQNsMR2K eDGD1pcq5" height="248" src="/upload_images/images/15/03/18/Z6RKdtZWuK5Ns7Ucjof7iqK-wvKbZvdhI-dbwzJMU_xACYj8nO_FmTo90fI3WOdbKSGpsuNT8nuBp1sTAE7twFvmQUrEjSiUfTNEnwt7B6aNz2uQNsMR2K_eDGD1pcq5.jpg" width="155"></span></p>\r\n\r\n<p><span style="font-family: helvetica; font-size: 12pt; color: #000000;">+ <span style="font-family: helvetica; font-size: 12pt; color: #000000;">FonePad</span> 7 được tích hợp với một loạt các ứng dụng đi kèm cực kỳ hữu ích như từ điển (Instant Dictionary), sao lưu dữ liệu bao gồm cả app và data (App Backup), điều chỉnh hiển thị (ASUS Splendid), tùy chọn âm thanh (AudioWizard) hay chỉnh sửa ảnh (Studio). </span></p>\r\n\r\n<p><span style="font-family: helvetica; font-size: 12pt; color: #000000;"><img alt="Z6RKdtZWuK5Ns7Ucjof7iqK-wvKbZvdhI-dbwzJMU wYcNjtygtejr-Rb80KSk9XBd14OHpTVdmTS zTyt2X7XOHiicXK6gjUruxIR0TtE d1u 7Tpt8CFK54-BADdv" height="248" src="/upload_images/images/15/03/18/Z6RKdtZWuK5Ns7Ucjof7iqK-wvKbZvdhI-dbwzJMU_wYcNjtygtejr-Rb80KSk9XBd14OHpTVdmTS_zTyt2X7XOHiicXK6gjUruxIR0TtE_d1u__7Tpt8CFK54-BADdv.jpg" width="155"><img alt="Z6RKdtZWuK5Ns7Ucjof7iqK-wvKbZvdhI-dbwzJMU yz3o3lAGVTrct9mD51S3Hpp85pBS4IxMcJ3uqaBD0D-Gah5k9vuTql6wuJf9RiJzQI0r3avBol4JkhdH7ndmHu" height="248" src="/upload_images/images/15/03/18/Z6RKdtZWuK5Ns7Ucjof7iqK-wvKbZvdhI-dbwzJMU_yz3o3lAGVTrct9mD51S3Hpp85pBS4IxMcJ3uqaBD0D-Gah5k9vuTql6wuJf9RiJzQI0r3avBol4JkhdH7ndmHu.jpg" width="155"><img alt="Z6RKdtZWuK5Ns7Ucjof7iqK-wvKbZvdhI-dbwzJMU wPh0W6nPUk1b1hOUJi2zraHGz2Cat-PYtx1bWP4cxmLFWyHPpm7V0y0A-879xfwn82SQ-jATDiLd90n8xT19kz" height="248" src="/upload_images/images/15/03/18/Z6RKdtZWuK5Ns7Ucjof7iqK-wvKbZvdhI-dbwzJMU_wPh0W6nPUk1b1hOUJi2zraHGz2Cat-PYtx1bWP4cxmLFWyHPpm7V0y0A-879xfwn82SQ-jATDiLd90n8xT19kz.jpg" width="155"></span></p>\r\n\r\n<p><span style="font-family: helvetica; font-size: 12pt; color: #000000;">+ Nhưng có lẽ điều mình thấy thú vị nhất trên <b>Fonepad</b> 7 là khả năng thực hiện các cuộc gọi. Máy có thể gọi và nhắn tin như tất cả những chiếc điện thoại khác. Máy cũng có thể rung khi có cuộc gọi hoặc tin nhắn đến. Khi người dùng áp máy vào tai để đàm thoại, màn hình của Fonepad cũng có thể tự tắt. Do đó, có thể nói Fonepad là một sản phẩm xóa nhòa tất cả ranh giới giữa điện thoại và máy tính bảng.&nbsp; Gọi điện, nhắn tin là những tính năng tạo nên sự khác biệt cho Fonepad. Trên Fonepad, bạn có thể quay số để gọi điện như một chiếc điện thoại thông thường. Do màn hình lớn nên giao diện gọi điện cũng to và dễ nhìn. Nhìn chung chất lượng nghe gọi của Fonepad khá ổn, khả năng bắt sóng tốt . Tuy nhiên việc úp một chiếc "điện thoại" với màn hình tới 7 inch lên mặt sẽ khiến bạn trông rất buồn cười, và việc giữ chiếc điện thoại bằng một tay cũng không phải dễ. Do vậy một việc dùng một tai nghe Bluetooth hay có dây để gọi điện sẽ là hợp lý hơn.</span></p>\r\n\r\n<p style="text-align: center;"><span style="font-family: helvetica; font-size: 12pt; color: #000000;"><img alt="ASUS-FONEPAD-4" height="300" src="/upload_images/images/15/03/18/ASUS-FONEPAD-4.jpg" width="650"></span></p>\r\n\r\n<p><span style="color: #000000;"><b><span style="font-size: 12pt;">6</span>.</b><span><span style="font-family: helvetica; font-size: 12pt;"><span style="font-family: helvetica; font-size: 12pt;"><strong><span style="font-family: helvetica; font-size: 12pt; color: #000000;"><b>Pin</b></span></strong></span></span></span></span></p>\r\n\r\n<p><span style="font-family: helvetica; font-size: 12pt; color: #000000;">Máy có pin dung lượng 3950mAh, đủ để sử dụng cho 1 ngày làm việc bình thường. Khi kích hoạt chế độ tiết kiệm điện năng “ultra-saving mode”, mày để qua đêm không mất % pin nào.</span></p>\r\n\r\n<p style="text-align: center;"><span style="font-family: helvetica; font-size: 12pt;">&nbsp;</span></p>\r\n\r\n<p><span style="font-family: helvetica; font-size: 12pt;"><span style="color: #000000;"><strong>&nbsp;</strong></span></span></p>\r\n\r\n<p><span style="font-family: helvetica; font-size: 12pt;">=&gt; <span style="color: #000000;">Có thể khẳng định ASUS FonePad là sản phẩm tốt nhất và đáng mua nhất ở mức giá dưới 3 triệu đồng trên thị trường hiện nay. <strong>ASUS Fonepad 7</strong> là<span style="font-family: helvetica; font-size: 12pt;"> một chiếc máy tính bảng gọn nhẹ, trẻ trung</span> chọn lựa lý tưởng cho những ai cần chức năng hội thoại của smartphone và tiện ích giải trí trên tablet đồng thời muốn giảm thiểu các thiết bị mang theo mình. <strong>Asus Fonepad 7</strong> là một chiếc máy tính bảng gọn nhẹ, trẻ trung. Nếu bạn không có yêu cầu quá cao về cấu hình hay chất lượng camera thì FonePad sẽ là sự lựa chọn cực kì thích hợp. </span></span></p>\r\n\r\n<p><span style="color: #000000;">&nbsp;</span></p>\r\n\r\n<p><span style="color: #000000;">&nbsp;<img alt="ASUS-FONEPAD-1" height="300" src="/upload_images/images/15/03/18/ASUS-FONEPAD-1.jpg" style="display: block; margin-left: auto; margin-right: auto;" width="650"></span></p>\r\n\r\n<p><span style="color: #000000;">&nbsp;</span></p></div>', 5, '2017-04-19 08:00:00', NULL),
(8, 1, 'iPhone 6S 32G Chính Hãng (VN/A)', 'iPhone-6s-32G-Chinh-Hang-VN-A', 13790000, 0, 'iphone6rosegold001_1438020077-copy-copy-copy.jpg', 1, '<div class="accessories mbm">\r\n				<label>Quà khuyến mãi:</label><br>\r\n				<p>✌Tặng <span style="color:#ff8c00"><strong>combo cường lực, ốp lưng</strong></span> trị giá <span style="color:#ff0000"><strong>350K</strong></span><br>\r\n✌Tặng <span style="color:#ff8c00"><strong>DMH UltraShield</strong></span> trị giá <span style="color:#ff0000"><strong>100K</strong></span><br>\r\n♥ Miễn phí<span style="color:#ff8c00"><strong> tạo tài khoản Apple ID, cài game/ app bản quyền</strong></span><br>\r\n❁Trợ giá <span style="color:#ff8c00"><strong>PDP Xiaomi 16000mah</strong></span> chỉ <span style="color:#ff0000"><strong>500K</strong></span><br>\r\n❁Trợ giá <strong><span style="color:#ffa500">PDP Xiaomi 10.000mAh Gen 2 (Sạc nhanh 2 chiều)</span></strong> chỉ <span style="color:#ff0000"><strong>380K&nbsp;</strong></span></p>			</div>', '<table class="charactestic_table" border="0" cellpadding="5px" width="100%">\r\n																											<tbody><tr class="tr-0">\r\n						<td class="title_charactestic" width="30%">\r\n							Màn hình						</td>\r\n						<td class="content_charactestic">\r\n															4.7 inches 750 x 1334 pixels													</td>\r\n					</tr>\r\n																																															<tr class="tr-1">\r\n						<td class="title_charactestic" width="30%">\r\n							CPU						</td>\r\n						<td class="content_charactestic">\r\n															Apple A9 Dual-core 1.8 GHz													</td>\r\n					</tr>\r\n																										<tr class="tr-0">\r\n						<td class="title_charactestic" width="30%">\r\n							Bộ nhớ trong						</td>\r\n						<td class="content_charactestic">\r\n															32 GB													</td>\r\n					</tr>\r\n																										<tr class="tr-1">\r\n						<td class="title_charactestic" width="30%">\r\n							RAM						</td>\r\n						<td class="content_charactestic">\r\n															2G Ram													</td>\r\n					</tr>\r\n																																																													<tr class="tr-0">\r\n						<td class="title_charactestic" width="30%">\r\n							Pin						</td>\r\n						<td class="content_charactestic">\r\n															Li-Po 1810 mAh													</td>\r\n					</tr>\r\n																										<tr class="tr-1">\r\n						<td class="title_charactestic" width="30%">\r\n							Camera trước						</td>\r\n						<td class="content_charactestic">\r\n															5 MP, 1080p@30fps, 720p@240fps, face detection, HDR, panorama													</td>\r\n					</tr>\r\n																										<tr class="tr-0">\r\n						<td class="title_charactestic" width="30%">\r\n							Camera sau						</td>\r\n						<td class="content_charactestic">\r\n															12 MP, 4608 x 2592 pixels													</td>\r\n					</tr>\r\n																			</tbody></table>', '<div class="specification_long hide"><p dir="ltr">&nbsp;</p>\r\n\r\n<p dir="ltr"><span style="font-family:arial,helvetica,sans-serif"><span style="font-size:16px"><span style="color:#000000"><span style="line-height:1.2; text-indent:36pt">Tại sự kiện Apple diễn ra&nbsp;đêm qua đã đã kết thúc cực kỳ thành công với màn trình diễn hàng loạt siêu phẩm mới nhất của hãng và một trong số siêu phẩm phải nhắc tới đó chính là iPhone 6S với rất nhiều cải tiến, nâng cấp so với thế hệ iPhone 6&nbsp;trước đó. Và ngay sau đây, dReview sẽ gửi tới các bạn những đánh giá tổng quan mới nhất về sản phẩm này!</span></span></span></span></p>\r\n\r\n<p dir="ltr">&nbsp;</p>\r\n\r\n<p dir="ltr"><span style="font-family:arial,helvetica,sans-serif"><span style="font-size:16px"><span style="background-color:transparent; color:#000000; line-height:1.2; text-indent:36pt; white-space:pre-wrap">Đầu tiên để có thể phân biệt được <a href="http://didongthongminh.vn/iphone-6.html"><strong>iPhone 6S</strong></a> với iPhone 6 thường chính là thiết kế mặt sau với tên sản phẩm iPhone 6 có thêm chữ [S] ở phía dưới, còn lại thiết kế là hoàn toàn giống nhau. Tuy nhiên, điều giúp iphone 6S có thể ghi điểm ngay khi ra mắt đó chính là việc máy được nâng cấp và bổ sung</span><span style="background-color:transparent; color:#000000; line-height:1.2; text-indent:36pt; white-space:pre-wrap"> thêm một số tính năng mới độc đáo, camera sau được tân tiến, bộ xử lý bên trong được nâng cấp và màn hình cường lực với phím home tích hợp tính năng 3D touch display nhạy cảm..cụ thể như sau:</span></span></span></p>\r\n\r\n<p dir="ltr">&nbsp;</p>\r\n\r\n<p dir="ltr"><span style="font-family:arial,helvetica,sans-serif"><span style="font-size:16px"><span style="background-color:transparent; color:#000000; line-height:1.2; text-indent:36pt; white-space:pre-wrap">​&gt;&gt;</span><strong>Tính năng Touch 3D Display ấn tượng</strong></span></span></p>\r\n\r\n<p dir="ltr" style="text-align:center"><span style="font-family:arial,helvetica,sans-serif"><span style="font-size:16px"><img alt="iPhone 6s 16Gb Quốc Tế" src="/upload_images/images/tong-hop-su-kien-apple-anh-1.jpg" style="color:#000000; font-family:arial,helvetica,sans-serif; font-size:16px; line-height:19px; opacity:0.9; white-space:pre-wrap"></span></span></p>\r\n\r\n<p dir="ltr">&nbsp;</p>\r\n\r\n<p dir="ltr"><span style="font-family:arial,helvetica,sans-serif"><span style="font-size:16px"><span id="docs-internal-guid-ab5bfd24-b6b3-bf38-55e2-a4f1d54da891"><span style="background-color:transparent; color:#000000; vertical-align:baseline; white-space:pre-wrap">Ngoài cảm ứng đa chiều, <strong>điện thoại iPhone 6S</strong> có thể cảm nhận được lực ấn của đầu ngón tay, từ đó thực hiện các tác phụ khác nhau, bạn có thể cài đặt các tác vụ đó , ví dụ ấn nhẹ để bật email, ấn mạnh một chút để xem tin tức từ safari. Với nâng cấp này, khi chúng ta thao tác trên 6S sẽ rất nhanh chóng, chính xác mà không cần quá nhiều lực tác dụng vào.</span></span></span></span></p>\r\n\r\n<p dir="ltr">&nbsp;</p>\r\n\r\n<p dir="ltr" style="margin-left:40px"><span style="font-family:arial,helvetica,sans-serif"><span style="font-size:16px"><span id="docs-internal-guid-ab5bfd24-b6b3-bf38-55e2-a4f1d54da891"><strong>&gt;&gt; Cấu hình khủng với Chip Apple A9, 2G Ram</strong></span></span></span></p>\r\n\r\n<p dir="ltr" style="text-align:center"><span style="font-family:arial,helvetica,sans-serif"><span style="font-size:16px"><img alt="iPhone 6s Quốc Tế" src="/upload_images/images/iphone-6s-6.jpg" style="color:#000000; font-family:arial,helvetica,sans-serif; font-size:16px; line-height:19px; opacity:0.9; white-space:pre-wrap"></span></span></p>\r\n\r\n<p dir="ltr"><span style="font-family:arial,helvetica,sans-serif"><span style="font-size:16px"><span id="docs-internal-guid-ab5bfd24-b6b3-bf38-55e2-a4f1d54da891"><span style="background-color:transparent; color:#000000; vertical-align:baseline; white-space:pre-wrap">Cấu hình chính là 1 trong những ưu điểm vượt trội của iPhone 6S, lần đầu tiên 1 thiết bị iPhone sở hữu dung lượng Ram tới 2GB song song với con chip Apple A9 mới nhất. Đây là chipset 64bit thế hệ thứ 3 của Apple và xử lý nhanh hơn đến 90% về độ nhạy cũng như hiệu suất cũng được tăng lên đáng kể tới 70% chưa kể máy còn sở hữu Ram 2G, </span></span><span style="color:#000000; line-height:19px; text-align:justify; white-space:pre-wrap">Đồ hoạ (GPU) cũng mạnh hơn 90% so với iPhone 6.</span><span style="background-color:transparent; color:#000000; vertical-align:baseline; white-space:pre-wrap">như vậy với thông số này iPhone 6S sẽ cho phép xử lý mọi tác vụ 1 nhanh tới bất ngờ từ lướt web, chơi Game 3D hay các nhu cầu công việc văn phòng,..</span></span></span></p>\r\n\r\n<p dir="ltr" style="margin-left:40px"><span style="font-family:arial,helvetica,sans-serif"><span style="font-size:16px"><span id="docs-internal-guid-ab5bfd24-b6b3-bf38-55e2-a4f1d54da891"><strong>&gt;&gt; Camera nâng cấp 12MPx</strong></span></span></span></p>\r\n\r\n<p dir="ltr"><span style="font-family:arial,helvetica,sans-serif"><span style="font-size:16px"><span id="docs-internal-guid-ab5bfd24-b6b3-bf38-55e2-a4f1d54da891"><span style="background-color:transparent; color:#000000; vertical-align:baseline; white-space:pre-wrap">Camera chính là điểm nâng cấp đáng giá thứ 2 ở siêu phẩm này. Thay vì camera 8Mpx như đàn anh iPhone 6, lần này <a href="http://didongthongminh.vn/san-pham/dien-thoai-3/loc-san-pham:hang-san-xuat-apple.html">Apple</a> đã mạnh tay trang bị cho chiếc iPhone 6S của mình bộ đôi camera có độ phân giải khủng hơn rất nhiều. Cụ thể camera sau của iphone 6S có độ phân giải12MP cùng camera 5Mpx phía trước với công nghệ iSight, mật độ điểm ảnh tăng hơn 50% cho ảnh chi tiết, rõ ràng và chân thật hơn rất nhiều.</span></span></span></span></p>\r\n\r\n<p dir="ltr" style="text-align:center"><span style="font-family:arial,helvetica,sans-serif"><span style="font-size:16px"><span style="background-color:transparent; color:#000000; vertical-align:baseline; white-space:pre-wrap"><img alt="iPhone 6s" src="/upload_images/images/iphone-6s-4.jpg" style="height:337px; width:600px"></span></span></span></p>\r\n\r\n<p dir="ltr"><span style="font-family:arial,helvetica,sans-serif"><span style="font-size:16px"><span id="docs-internal-guid-ab5bfd24-b6b3-bf38-55e2-a4f1d54da891"><span style="background-color:transparent; color:#000000; vertical-align:baseline; white-space:pre-wrap">Ngoài ra còn có thể quay phim 4k với camera sau. Camera trước vẫn 5Mpx , sử dụng màn hình LCD với đèn Flash Retina cho độ sáng cao, rất tốt cho việc chụp ảnh selfie dưới điều kiện thiếu sáng.</span></span></span></span></p>\r\n\r\n<p dir="ltr" style="text-align:center">&nbsp;</p>\r\n\r\n<p dir="ltr">&nbsp;</p>\r\n\r\n<p dir="ltr" style="margin-left:40px"><span style="font-family:arial,helvetica,sans-serif"><span style="font-size:16px"><span id="docs-internal-guid-ab5bfd24-b6b3-bf38-55e2-a4f1d54da891"><strong>&gt;&gt; Bảo mật vân tay Touch ID</strong></span></span></span></p>\r\n\r\n<p dir="ltr"><span style="font-family:arial,helvetica,sans-serif"><span style="font-size:16px"><span id="docs-internal-guid-ab5bfd24-b6b3-bf38-55e2-a4f1d54da891"><span style="background-color:transparent; color:#000000; vertical-align:baseline; white-space:pre-wrap">Tính năng bảo mật vân tay Touch ID cũng được nâng cấp khá nhiều trên iPhone 6S so với người tiền nhiệm <a href="http://didongthongminh.vn/iphone5s.html">iPhone 5S</a> hay <em><strong>iPhone 6</strong></em> . Cụ thể </span></span><strong style="text-align:justify">Phím home Touch ID</strong><span style="color:#000000; line-height:19px; text-align:justify; white-space:pre-wrap"> mới cho phép nhận diện vân tay nhanh và chính xác hơn so với loại Touch ID cũ. Những thay đổi tuy không thật sự lớn lao, nhưng chắc hẳn sẽ nâng cao đáng kể trải nghiệm người dùng. </span></span></span></p>\r\n\r\n<p dir="ltr" style="text-align:center">&nbsp;</p>\r\n\r\n<p dir="ltr" style="text-align:center"><img alt="mua bán iPhone 6s với giá cực tốt" src="/upload_images/images/tong-hop-su-kien-apple-anh-2.jpg" style="font-family:arial,helvetica,sans-serif; font-size:16px; text-align:center"></p>\r\n\r\n<p dir="ltr" style="margin-left:40px"><span style="font-family:arial,helvetica,sans-serif"><span style="font-size:16px"><span id="docs-internal-guid-ab5bfd24-b6b3-bf38-55e2-a4f1d54da891"><strong>&gt;&gt; Tăng cường tốc độ kết nối</strong></span></span></span></p>\r\n\r\n<p dir="ltr"><span style="font-family:arial,helvetica,sans-serif"><span style="font-size:16px"><span id="docs-internal-guid-ab5bfd24-b6b3-bf38-55e2-a4f1d54da891"><span style="background-color:transparent; color:#000000; vertical-align:baseline; white-space:pre-wrap">iPhone 6S sử dụng LTE Advanced nhanh gấp hai lần Wifi nhờ vào công nghệ MIMO antenna. </span></span><span style="background-color:transparent; color:#000000; line-height:1.2; white-space:pre-wrap">pple cũng công bố các phụ kiện mới như là bao da và ốp silicon, ngoài ra còn có dock sạc mới với màu sắc tùy chọn như các màu của iPhone 6S đã công bố.</span></span></span></p>\r\n\r\n<p dir="ltr">&nbsp;</p>\r\n\r\n<p dir="ltr"><span style="font-family:arial,helvetica,sans-serif"><span style="font-size:16px"><strong>KẾT LUẬN</strong></span></span></p>\r\n\r\n<p dir="ltr"><span style="font-family:arial,helvetica,sans-serif"><span style="font-size:16px"><span style="background-color:transparent; color:#000000; line-height:1.2; white-space:pre-wrap">Như vậy, dReview đã vừa gửi tới các bạn những đánh giá về những cải tiến, nâng cấp mới trên </span><span style="color:#ff8c00"><span style="background-color:transparent; line-height:1.2; white-space:pre-wrap"><strong>iPhone 6S</strong></span></span><span style="background-color:transparent; color:#000000; line-height:1.2; white-space:pre-wrap"><strong> quốc tế</strong> mới được ra mắt thị trường. Những đánh </span><span style="background-color:transparent; line-height:1.2; white-space:pre-wrap"><a href="http://didongthongminh.vn/apple/iphone-6s-16gb-quoc-te-p1530.html"><span style="color:#ff8c00"><em><strong>giá iPhone 6s</strong></em></span></a></span><span style="background-color:transparent; color:#000000; line-height:1.2; white-space:pre-wrap"> chi tiết, so sánh với các siêu phẩm khác sẽ được dRview gửi tới các bạn ngay khi có máy trên tay nhé!</span></span></span></p>\r\n\r\n<p dir="ltr">&nbsp;</p>\r\n\r\n<p dir="ltr"><span style="font-family:arial,helvetica,sans-serif"><span style="font-size:16px"><span style="background-color:transparent; color:#000000; line-height:1.2; white-space:pre-wrap">Mọi thông tin, thắc mắc khi bạn </span><span style="color:#ff8c00"><span style="background-color:transparent; line-height:1.2; white-space:pre-wrap"><em><strong>mua iPhone 6s</strong></em></span></span><span style="background-color:transparent; color:#000000; line-height:1.2; white-space:pre-wrap"> tại didongthongminh.vn xin vui lòng liên hệ trực tiếp <strong>hotline 1900.6815</strong> để được hỗ trợ nhé!!</span></span></span></p></div>', 10, '2017-04-19 08:00:00', NULL);
INSERT INTO `sanpham` (`id`, `idhangsp`, `tensp`, `tenkhongdau`, `gia`, `giamgia`, `urlhinh`, `tinhtrang`, `khuyenmai`, `tomtat`, `chitiet`, `luotxem`, `created_at`, `updated_at`) VALUES
(9, 1, 'iPhone 5SE', 'iPhone-5SE', 9490000, 0, 'apple-iphone-se-prink_1458659135.jpg', 1, '<div class="accessories mbm">\r\n				<label>Quà khuyến mãi:</label><br>\r\n				<p dir="ltr">✌&nbsp;Tặng <span style="color:#ff8c00"><strong>combo ốp lưng clearview + dán cường lực</strong></span> trị giá <span style="color:#ff0000"><strong>200K </strong></span><br>\r\n<span style="box-sizing:border-box; color:#ff0000; line-height:18.5714px"><span style="box-sizing:border-box; line-height:1.6em">♥</span></span><span style="box-sizing:border-box; color:#383838; line-height:1.6em">&nbsp;Trợ giá<strong>&nbsp;<span style="box-sizing:border-box; color:#ff8c00">tai nghe Apple Earpod</span></strong>&nbsp;chính hãng giá&nbsp;<span style="box-sizing:border-box; color:#ff0000"><strong>350K</strong></span>,&nbsp;<span style="box-sizing:border-box; color:#ff8c00"><strong>tai nghe 5S Cao Cấp</strong></span>&nbsp;<span style="box-sizing:border-box; color:#ff0000"><strong>150K</strong></span></span><br>\r\n<span style="box-sizing:border-box; color:#ff0000; line-height:18.5714px"><span style="box-sizing:border-box; line-height:1.6em">♥</span></span><span style="box-sizing:border-box; color:#383838; line-height:1.6em">&nbsp;Trợ giá&nbsp;<span style="box-sizing:border-box; color:#ff8c00"><strong>PDP Xiaomi 16000mah</strong></span>&nbsp;chỉ&nbsp;<span style="box-sizing:border-box; color:#ff0000"><strong>550K</strong></span>,</span><br>\r\n<span style="box-sizing:border-box; color:#ff0000; line-height:18.5714px"><span style="box-sizing:border-box; line-height:1.6em">♥</span></span>&nbsp;<span style="box-sizing:border-box; color:#383838; line-height:1.6em">Trợ giá&nbsp;</span><span style="color:#ff8c00"><strong>PDP Xiaomi chính hãng 10.000mAh Gen 2 (Sạc nhanh 2 chiều)</strong></span>&nbsp;chỉ&nbsp;<span style="color:#ff0000"><strong>380K</strong></span><br>\r\n<span style="box-sizing:border-box; color:#008000; line-height:18.5714px"><span style="box-sizing:border-box; line-height:1.6em">❁</span></span><span style="box-sizing:border-box; color:#383838; line-height:1.6em">&nbsp;</span><span style="box-sizing:border-box; color:#383838; line-height:20.8px">Miễn phí tạo tài khoản Apple ID, cài game/ app bản quyền</span></p>\r\n			</div>', '<table class="charactestic_table" border="0" cellpadding="5px" width="100%">\r\n																											<tbody><tr class="tr-0">\r\n						<td class="title_charactestic" width="30%">\r\n							Màn hình						</td>\r\n						<td class="content_charactestic">\r\n															4 inches, 640 x 1136 pixels													</td>\r\n					</tr>\r\n																																															<tr class="tr-1">\r\n						<td class="title_charactestic" width="30%">\r\n							CPU						</td>\r\n						<td class="content_charactestic">\r\n															Apple A9, Dual-core 1.84 GHz Twister													</td>\r\n					</tr>\r\n																										<tr class="tr-0">\r\n						<td class="title_charactestic" width="30%">\r\n							Bộ nhớ trong						</td>\r\n						<td class="content_charactestic">\r\n															16 GB													</td>\r\n					</tr>\r\n																										<tr class="tr-1">\r\n						<td class="title_charactestic" width="30%">\r\n							RAM						</td>\r\n						<td class="content_charactestic">\r\n															2 GB DDR3													</td>\r\n					</tr>\r\n																																																													<tr class="tr-0">\r\n						<td class="title_charactestic" width="30%">\r\n							Pin						</td>\r\n						<td class="content_charactestic">\r\n															Li-Po 1642 mAh battery													</td>\r\n					</tr>\r\n																										<tr class="tr-1">\r\n						<td class="title_charactestic" width="30%">\r\n							Camera trước						</td>\r\n						<td class="content_charactestic">\r\n															1.2 MP, f/2.4, 31mm, 720p@30fps, face detection, HDR, FaceTime over Wi-Fi or Cellular													</td>\r\n					</tr>\r\n																										<tr class="tr-0">\r\n						<td class="title_charactestic" width="30%">\r\n							Camera sau						</td>\r\n						<td class="content_charactestic">\r\n															12 MP, f/2.2, 29mm, phase detection autofocus, dual-LED (dual tone) flash													</td>\r\n					</tr>\r\n																			</tbody></table>', '<div class="specification_long hide"><p><span style="font-size:14px"><span id="docs-internal-guid-04bdaebb-2dd3-fc6a-9ceb-fca90b0b1497"><span style="background-color:transparent; color:#000000; vertical-align:baseline; white-space:pre-wrap">Thương hiệu iPhone là một cái tên đã trở nên cực kì quen thuộc trên thế giới hiện nay. Đối với dân công nghệ thì nó là những thiết bị với cấu hình cực kì mạnh có thể giúp họ thoải mãn cơn khát game di động hay với những người dùng bình thường nó là thiết bị nhỏ gọn thiết kế đẹp, sang trọng,và có sự ổn định đảm bảo có thể sử dụng được lâu dài. </span></span></span></p>\r\n\r\n<p><img alt="" src="/upload_images/images/iPhone-5SE-render-tomas-1.jpg" style="height:565px; width:800px"></p>\r\n\r\n<p><span style="font-size:14px"><span id="docs-internal-guid-04bdaebb-2dd3-fc6a-9ceb-fca90b0b1497"><span style="background-color:transparent; color:#000000; vertical-align:baseline; white-space:pre-wrap">Thế nhưng gần đây người dùng trên thế giới đã phàn nàn khá nhiều về việc triết lí thiết kế của Steve Job đã bị phá vỡ bằng sự ra mắt của iPhone 6 với màn hình 4.6 inch và 5.5 inch trên iPhone 6 Plus lớn hơn tất cả các mẫu iPhone trước đây. Và sự ra mắt của </span><a href="http://didongthongminh.vn/apple/iphone-5se-p1775.html"><em><strong><span style="background-color:transparent; vertical-align:baseline; white-space:pre-wrap"><span style="color:#ff8c00">iPhone SE</span></span><span style="color:#ff8c00"><span style="background-color:transparent; vertical-align:baseline; white-space:pre-wrap"> mới</span></span></strong></em><span style="background-color:transparent; color:#000000; vertical-align:baseline; white-space:pre-wrap"> </span></a><span style="background-color:transparent; color:#000000; vertical-align:baseline; white-space:pre-wrap">đây như là một sự bù đắp về vấn đề này. Vậy thực sự với </span><span style="color:#ff8c00"><span style="background-color:transparent; vertical-align:baseline; white-space:pre-wrap"><em><strong>iPhone SE chưa kích hoạt</strong></em></span></span><span style="background-color:transparent; color:#000000; vertical-align:baseline; white-space:pre-wrap"> người dùng sẽ nhận được những gì và mất những gì? Liệu nó có đáng để sở hữu hay không? Mời các bạn cùng tham khảo bài viết dưới đây.</span></span></span></p>\r\n\r\n<p><span style="color:#ffa500"><span style="font-size:16px"><span id="docs-internal-guid-04bdaebb-2dd3-fc6a-9ceb-fca90b0b1497"><strong>Thiết kế nhỏ gọn, sang trọng</strong></span></span></span></p>\r\n\r\n<p><span style="font-size:14px; line-height:18.13px; white-space:pre-wrap"><span style="color:#ffa500"><em><u><strong>iPhone SE mới</strong></u></em></span></span><span style="color:#000000; font-size:14px; line-height:18.13px; white-space:pre-wrap"> thừa hưởng toàn bộ ngôn ngữ thiết kế của người tiền nhiệm </span><span style="color:#ff8c00"><span style="font-size:14px; line-height:18.13px; white-space:pre-wrap"><em><strong>iPhone 5s</strong></em></span></span><span style="color:#000000; font-size:14px; line-height:18.13px; white-space:pre-wrap">, thiết bị mặc dù không mới nhưng lại được đánh giá rất cao với thiết kế kim loại sang trọng và đẳng cấp. Và nếu như ai đã từng sử dụng iPhone 5s thì trên iPhone 5SE chắc hẳn sẽ cảm thấy cực kì quen thuộc. Có một sự thật rất thú vị là vẫn còn rất nhiều người hiện tại vẫn đang sử dụng iPhone 5s mà không lên đời mặc dù Apple đã cho ra mắt 2 thế hệ tiếp theo là </span><span style="color:#ff8c00"><span style="font-size:14px; line-height:18.13px; white-space:pre-wrap"><em><strong>iPhone 6</strong></em></span></span><span style="color:#000000; font-size:14px; line-height:18.13px; white-space:pre-wrap"> và 6s. Lý do đơn giản là họ không thích thiết kế mới với các cạnh được bo cong mềm mại hơn và màn hình lớn hơn của iPhone 6. Và chắc chắn </span><span style="color:#ff8c00"><span style="font-size:14px; line-height:18.13px; white-space:pre-wrap"><em><u>iPhone 5SE</u></em></span></span><span style="color:#000000; font-size:14px; line-height:18.13px; white-space:pre-wrap"> sẽ là một sự lựa chọn không thể tuyệt vời hơn khi sở hữu một hiệu năng ấn tượng bên trong một thân hình gọn gàng, quen thuôc nhưng luôn luôn sang trọng và đẳng cấp. Với <em>iPhone 5SE</em>, bạn sẽ có thêm một tuỳ chọn màu Rose Gold sang chảnh đang cực kì hot hiện nay. Và có lẽ đây cũng chính là điểm phân biệt với iPhone 5s rõ ràng nhất.</span></p>\r\n\r\n<p><span style="color:#000000; font-size:14px; line-height:18.13px; white-space:pre-wrap"><img alt="" src="/upload_images/images/iphone5se.jpg" style="height:450px; width:800px"></span></p>\r\n\r\n<p><span style="color:#000000; font-size:14px; line-height:18.13px; white-space:pre-wrap">Trải nghiệm thực tế cho thấy máy khá mỏng và nhẹ chỉ 113g, mặt lưng rất mượt mà cho cảm giác thích thú bên cạnh vóc dáng vuông vức và cứng cáp với các đường cắt tinh tế, các góc cạnh chắc chắn hơn khá nhiều so với thiết kế của iPhone 6S. Bạn hoàn toàn có thể cầm gọn <strong>iPhone 5SE</strong> trong lòng bàn tay và sử dụng nó một cách dễ dàng mà không sợ rơi hay mỏi tay khi sử dụng trong thời gian dài</span></p>\r\n\r\n<p><span style="color:#ffa500"><span style="font-size:16px"><span id="docs-internal-guid-04bdaebb-2dd3-fc6a-9ceb-fca90b0b1497"><strong>Cấu hình cao cấp không có đối thủ</strong></span></span></span></p>\r\n\r\n<p><span style="background-color:transparent; color:#000000; font-size:14px; line-height:1.295; white-space:pre-wrap">Sở hữu thiết kế của iPhone 5S nhưng ẩn sâu bên trong </span><span style="color:#ff8c00"><span style="background-color:transparent; font-size:14px; line-height:1.295; white-space:pre-wrap"><em><strong>iPhone SE chưa Active</strong></em></span></span><span style="background-color:transparent; color:#000000; font-size:14px; line-height:1.295; white-space:pre-wrap"> lại là một con quái vật về hiệu năng khi được hưởng thụ toàn bộ tinh hoa từ siêu phẩm iPhone 6s đang làm mưa làm gió trên thị trường hiện nay. Cụ thể, máy được trang bị vi xử lí Apple A9 mạnh mẽ,đồ hoạ PowerVR GT6700 và dung lượng RAM 2 GB. Nhìn vào dung lượng RAM bạn đừng vội kết luận <em><u>iPhone SE</u></em> là một thiết bị yếu về hiệu năng bởi thực tế iPhone SE hoàn toàn sánh ngang với các siêu phẩm hiện nay như LG G5, Sony Xperia Z5 Premium hay thậm chí còn vượt qua chính người anh em iPhone 6s của mình. Không giống như các siêu phẩm trên với màn hình to hơn,<strong> iPhone SE</strong> có màn hình vừa đủ sẽ cho bạn trải nghiệm các tựa game khủng với tốc độ tối đa cùng đồ hoạ bắt mắt mà không gây mỏi tay khi sử dụng trong thời gian dài.</span></p>\r\n\r\n<p><img alt="" src="/upload_images/images/iphone-5se-moi-fe-1(1).jpg" style="height:450px; width:800px"></p>\r\n\r\n<p><span style="background-color:transparent; color:#000000; font-size:14px; line-height:1.295; white-space:pre-wrap">Ngoài ra, <strong>iPhone SE</strong> cũng được tích hợp cảm biến vân tay được tích hợp sâu vào nút Home cứng. Cảm biến vân tay này mặc dù không phải là thế hệ mới nhất nhưng vẫn cho tốc độ nhận dạng và phản hồi rất nhanh. Tuy nhiên &nbsp;có một điều khá đáng tiếc là tính năng 3D Touch lại không được đem lên thiết bị này. Có lẽ Apple cho rằng, với một thiết bị màn hình nhỏ nhắn, người dùng vẫn có thể thực hiện các thao tác mong muốn rất nhanh mà không cần đến nó.</span></p>\r\n\r\n<p><span style="color:#ffa500"><span style="font-size:16px"><span id="docs-internal-guid-04bdaebb-2dd3-fc6a-9ceb-fca90b0b1497"><strong>Camera sắc nét, không lồi</strong></span></span></span></p>\r\n\r\n<p><span style="background-color:transparent; color:#000000; font-size:14px; line-height:1.295; white-space:pre-wrap">So với camera 8 MP của iPhone 5s, chúng ta có một thiết bị mới với camera được nâng cấp lên 12 MP. Camera này có chất lượng hoàn toàn tương đương với camera chính của iPhone 6s với đầy đủ các công nghệ được tích hợp nhưng lại không hề bị lồi lên trông khá thiếu thẩm mĩ. Đây cũng chính là điểm trừ của iPhone 6s hay iPhone 6s Plus hiện nay. Điều đó có nghĩa là bạn có thể đặt <em>iPhone 5SE</em> tại bất cứ mặt phẳng nào mà không còn phải lo camera bị trầy xước nữa. Hơn cả là khả năng chụp ảnh tuyệt vời với giao diện đơn giản, dễ sử dụng với nhiều chế độ chụp như HDR, panorama, slowmotion, fastmotion hay quay video với độ phân giải 4K. Bạn chỉ cần giơ máy lên và bấm chụp, chắc chắn bạn sẽ không hề để lỡ mất đi bất kì khoảnh khắc tuyệt vời nào trong cuộc sống. Tốc độ lấy nét của <strong>iPhone SE</strong> rất nhanh và chính xác có thể nói là tương đương với siêu phẩm LG G5 hay Samsung Galaxy S7 đang làm mưa làm gió trong phân khúc camera di động hiện nay. </span></p>\r\n\r\n<p><span style="background-color:transparent; color:#000000; font-size:14px; line-height:1.295; white-space:pre-wrap"><img alt="" src="/upload_images/images/iPhone-5SE-render-tomas-4(1).jpg" style="height:567px; width:800px"></span></p>\r\n\r\n<p><span style="background-color:transparent; color:#000000; font-size:14px; line-height:1.295; white-space:pre-wrap">Camera trước của <em><u><strong>iPhone SE</strong></u></em> rất tiếc không phải là 5 MP như siêu phẩm iPhone 6s mà chỉ là VGA tương tự người anh em song sinh iPhone 5s của mình. Tuy nhiên, bạn cũng không cần quá lo lắng về điều này bởi thực tế, camera tự sướng của iPhone 5s cũng không đến mức yếu, nó hoàn toàn đủ tốt để cho bạn hài lòng vì nó vẫn còn tốt hơn khá nhiều so với camera 5 MP của một vài thiết bị chạy Android đang có mặt trên thị trường hiện nay.</span></p>\r\n\r\n<p><span style="color:#ffa500"><span style="font-size:16px"><span id="docs-internal-guid-04bdaebb-2dd3-fc6a-9ceb-fca90b0b1497"><strong>Thời lượng pin ấn tượng</strong></span></span></span></p>\r\n\r\n<p><span style="background-color:transparent; color:#000000; font-size:14px; line-height:1.295; white-space:pre-wrap"><strong>iPhone SE</strong> được trang bị viên pin dung lượng 1624 mAh. Apple đã có bài so sánh về thời lượng pin của <u>iPhone SE</u> với iPhone 6s ngay tại buổi ra mắt sản phẩm. Và kết quả là với màn hình nhỏ hơn, iPhone SE cho thời gian sử dụng pin tốt hơn 20% so với người anh iPhone 6S của mình. Chính vì thế, mặc dù không thể sánh với iPhone 6s Plus nhưng bạn cũng có thể hoàn toàn yên tâm rằng iPhone SE sẽ đáp ứng được cho bạn trọn vẹn thơi gian sử dụng trong một ngày với một lần sạc đầy 100%.</span></p>\r\n\r\n<p><span style="color:#ffa500"><span style="font-size:16px"><span id="docs-internal-guid-04bdaebb-2dd3-fc6a-9ceb-fca90b0b1497"><strong>Giá bán hấp dẫn</strong></span></span></span></p>\r\n\r\n<p><span style="background-color:transparent; color:#000000; font-size:14px; line-height:1.295; white-space:pre-wrap">Về giá bán, mặc dù mang dáng dấp của một siêu phẩm với khá nhiều điểm nổi trội thế nhưng iPhone SE hiện tại đang được Di Động Thông Minh bán với giá không thể hấp dẫn hơn chỉ với 10.990.000 đồng. Chắc chắn với mức giá này, bạn sẽ không thể tìm được một thiết bị mới 100% chất lượng cam kết đảm bảo với thông số cấu hình mạnh mẽ nhưng thiết kế lại nhỏ gọn và đẹp đẽ, sang trọng hơn iPhone SE.</span></p>\r\n\r\n<p><span style="font-size:14px"><span id="docs-internal-guid-04bdaebb-2dd3-fc6a-9ceb-fca90b0b1497"><span style="background-color:transparent; color:#000000; vertical-align:baseline; white-space:pre-wrap">Và nếu các bạn quan tâm sản phẩm này, xin mời qua các showroom gần nhất của Di Động Thông Minh để được trải nghiệm trên tay và rinh em nó ngay nhé!</span></span></span></p>\r\n\r\n<p>&nbsp;</p>\r\n\r\n<p><span style="font-size:14px">Di Động Thông Minh được biết đến là một trong các hệ thống phân phối hàng đầu các sản phẩm Apple, <span class="il">iPhone</span>, iPad. Với sự ra mặt của chiếc <span class="il">iPhone</span> mới - <a href="http://didongthongminh.vn/apple/iphone-5se-p1775.html"><em><u><strong><span class="il">iPhone</span> 5<span class="il">SE</span></strong></u></em></a>, Di Động Thông Minh xin gửi đến quý khách hàng <strong>Chương trình đặt hàng <span style="color:#ff8c00"><em>mua iPhone SE</em></span></strong> vô cùng hấp dẫn với <span style="color:#ff0000"><strong>Tổng giá trị quà tặng đặt trước lên tới 100.000.000đ</strong></span></span></p>\r\n\r\n<p>&nbsp;</p>\r\n\r\n<p><span style="font-size:14px"><span style="color:#ff0000"><strong><img alt="" src="/upload_images/images/A4-dat-hang-iPhone-SE.jpg" style="border-style:solid; border-width:1px; height:990px; opacity:0.9; width:700px"></strong></span></span></p>\r\n\r\n<p>&nbsp;</p>\r\n\r\n<p><span style="font-size:14px"><strong><u>Theo đó khách chỉ cần:</u></strong></span></p>\r\n\r\n<p><span style="font-size:14px">- Đặt trước tối thiểu: <span style="color:#ff0000"><strong>2.000.000đ </strong></span>trực tiếp tại các showroom của Di Động Thông Minh trên toàn quốc</span></p>\r\n\r\n<p><span style="font-size:14px">- Thời gian dự kiến hàng về: <span style="color:#ff0000"><strong>1/4/2016</strong></span></span></p>\r\n\r\n<p>&nbsp;</p>\r\n\r\n<p><span style="font-size:14px"><strong>Tính từ thời gian hàng về 100 khách đặt hàng đầu tiên sẽ nhận được ưu đãi đặc biệt:</strong></span></p>\r\n\r\n<p><span style="font-size:14px"><em><span style="color:#ff0000"><strong>- 03 khách hàng đầu tiên sẽ nhận được ưu đãi tặng ngay 2.000.000đ tiền mặt</strong></span></em></span></p>\r\n\r\n<p>&nbsp;</p>\r\n\r\n<p><span style="font-size:14px"><span style="color:#ff0000"><em><strong>- 07 khách hàng tiếp theo sẽ nhận được ưu đãi quà tặng lên tới 1.000.000đ</strong></em></span></span></p>\r\n\r\n<p><span style="font-size:14px">Tặng gói bảo hành vàng trị giá 300.000đ</span></p>\r\n\r\n<p><span style="font-size:14px">Tặng pin dự phòng Xiaomi chính hãng trị giá 450.000đ</span></p>\r\n\r\n<p><span style="font-size:14px">Tặng gậy chụp ảnh thời trang trị giá 150.000đ</span></p>\r\n\r\n<p><span style="font-size:14px">Tặng ốp lưng thời trang trị giá 100.000đ</span></p>\r\n\r\n<p><span style="font-size:14px">Tặng dán cường lực trị giá 120.000đ</span></p>\r\n\r\n<p>&nbsp;</p>\r\n\r\n<p><span style="font-size:14px"><span style="color:#ff0000"><em><strong>- 90 khách hàng tiếp theo sẽ nhận được ưu đãi quà tặng tới 500.000đ</strong></em></span></span></p>\r\n\r\n<p><span style="font-size:14px">Gói bảo hành vàng trị giá 300.000đ</span></p>\r\n\r\n<p><span style="font-size:14px">Tặng ốp lưng thời trang trị giá 100.000đ</span></p>\r\n\r\n<p><span style="font-size:14px">Tặng dán cường lực trị giá 120.000đ</span></p>\r\n\r\n<p>&nbsp;</p>\r\n\r\n<p><span style="font-size:14px"><strong>Lưu ý:</strong></span></p>\r\n\r\n<p><span style="font-size:14px">- Sau khi điền đầy đủ thông tin vào form dưới đây, Di Động Thông Minh sẽ liên hệ với các khách đã đặt hàng để xác nhận đơn hàng. Chỉ những đơn hàng đã đặt tiền mới có thể được hưởng ưu đãi kể trên.</span></p>\r\n\r\n<p><span style="font-size:14px">- Trong trường hợp bất khả kháng không thể giao hàng trước 10/4/2016 - Di Động Thông Minh sẽ đền bù 100.000đ/đơn hàng.</span></p>\r\n\r\n<p><span style="font-size:14px"><u><em>Khách hàng đăng ký thông tin theo Form dưới đây:</em></u></span></p>\r\n\r\n<p><span style="font-size:14px"><iframe frameborder="1" height="2000" scrolling="yes" src="https://docs.google.com/forms/d/138wFiH6JWEm2THRDA_unrRU6qnyC6khX9YGqdJPSTos/viewform?c=0&amp;w=1" width="700"></iframe></span></p>\r\n</div>', 4, '2017-04-20 00:00:00', NULL),
(10, 1, 'iPhone 5S Chưa Active (Trôi BH)', 'iPhone-5S-Chua-Active-Troi-BH', 4490000, 0, 'iPhone_5s_16G_X__543f4b8af3c63.jpg', 1, '<div class="accessories mbm">\r\n				<label>Quà khuyến mãi:</label><br>\r\n				<p>✌ Tặng <span style="color:#ff8c00"><strong>DMH UltraShield</strong></span> trị giá <span style="color:#ff0000"><strong>100K</strong></span>, chọc sim trị giá 50K<br>\r\n✌ Tặng <span style="color:#ff8c00"><strong>Case Thời Trang</strong></span> trị giá <span style="color:#ff0000"><strong>250K</strong></span><br>\r\n<span style="box-sizing:border-box; color:#ff0000; line-height:18.5714px"><span style="box-sizing:border-box; line-height:1.6em">♥</span></span><span style="box-sizing:border-box; color:#383838; line-height:1.6em">&nbsp;Trợ giá<strong>&nbsp;<span style="box-sizing:border-box; color:#ff8c00">tai nghe Apple Earpod</span></strong>&nbsp;chính hãng giá&nbsp;<span style="box-sizing:border-box; color:#ff0000"><strong>350K</strong></span>,&nbsp;<span style="box-sizing:border-box; color:#ff8c00"><strong>tai nghe 5S Cao Cấp</strong></span>&nbsp;<span style="box-sizing:border-box; color:#ff0000"><strong>150K</strong></span></span><br>\r\n<span style="box-sizing:border-box; color:#ff0000; line-height:18.5714px"><span style="box-sizing:border-box; line-height:1.6em">♥</span></span><span style="box-sizing:border-box; color:#383838; line-height:1.6em">&nbsp;Trợ giá&nbsp;<span style="box-sizing:border-box; color:#ff8c00"><strong>PDP Xiaomi 16000mah</strong></span>&nbsp;chỉ&nbsp;<span style="box-sizing:border-box; color:#ff0000"><strong>550K</strong></span>,</span><br>\r\n<span style="box-sizing:border-box; color:#ff0000; line-height:18.5714px"><span style="box-sizing:border-box; line-height:1.6em">♥</span></span>&nbsp;<span style="box-sizing:border-box; color:#383838; line-height:1.6em">Trợ giá&nbsp;</span><span style="color:#ff8c00"><strong>PDP Xiaomi chính hãng 10.000mAh Gen 2 (Sạc nhanh 2 chiều)</strong></span>&nbsp;chỉ&nbsp;<span style="color:#ff0000"><strong>380K</strong></span><br>\r\n<span style="box-sizing:border-box; color:#008000; line-height:18.5714px"><span style="box-sizing:border-box; line-height:1.6em">❁</span></span><span style="box-sizing:border-box; color:#383838; line-height:1.6em">&nbsp;</span><span style="box-sizing:border-box; color:#383838; line-height:20.8px">Miễn phí tạo tài khoản Apple ID, cài game/ app bản quyền</span></p>\r\n			</div>', '<table class="charactestic_table" border="0" cellpadding="5px" width="100%">\r\n																											<tbody><tr class="tr-0">\r\n						<td class="title_charactestic" width="30%">\r\n							Màn hình						</td>\r\n						<td class="content_charactestic">\r\n															4 inches(640 x 1136 pixels)													</td>\r\n					</tr>\r\n																																															<tr class="tr-1">\r\n						<td class="title_charactestic" width="30%">\r\n							CPU						</td>\r\n						<td class="content_charactestic">\r\n															Apple A7 Dual-core 1.3 GHz Cyclone (ARM v8-based)													</td>\r\n					</tr>\r\n																										<tr class="tr-0">\r\n						<td class="title_charactestic" width="30%">\r\n							Bộ nhớ trong						</td>\r\n						<td class="content_charactestic">\r\n															16 GB													</td>\r\n					</tr>\r\n																										<tr class="tr-1">\r\n						<td class="title_charactestic" width="30%">\r\n							RAM						</td>\r\n						<td class="content_charactestic">\r\n															1 GB DDR3													</td>\r\n					</tr>\r\n																																																													<tr class="tr-0">\r\n						<td class="title_charactestic" width="30%">\r\n							Pin						</td>\r\n						<td class="content_charactestic">\r\n															Li-Po 1560 mAh													</td>\r\n					</tr>\r\n																										<tr class="tr-1">\r\n						<td class="title_charactestic" width="30%">\r\n							Camera trước						</td>\r\n						<td class="content_charactestic">\r\n															1.2 MP, f/2.2, 31mm, 720p@30fps, face detection, HDR, FaceTime over Wi-Fi or Cellular													</td>\r\n					</tr>\r\n																										<tr class="tr-0">\r\n						<td class="title_charactestic" width="30%">\r\n							Camera sau						</td>\r\n						<td class="content_charactestic">\r\n															8 MP, 3264x2448 pixels, autofocus, dual-LED (True Tone) flash													</td>\r\n					</tr>\r\n																			</tbody></table>', '<div class="specification_long hide"><p><strong>Tổng quan về iPhone 5S</strong></p>\r\n\r\n<p style="text-align:center"><iframe allowfullscreen="" frameborder="0" height="315" src="https://www.youtube.com/embed/FjiBsqFjGi4" style="box-sizing: border-box; max-width: 100%;" width="560"></iframe></p>\r\n\r\n<p><strong>iPhone 5s - Thiết kế và độ hoàn thiện</strong></p>\r\n\r\n<p><strong><img alt="" src="/upload_images/images/iPhone%20_5s_review_10-650-80%20(1).JPG" style="height:337px; width:600px"></strong></p>\r\n\r\n<p><span style="color:#ff8c00"><em><strong>iPhone 5s mới</strong></em></span>&nbsp;&nbsp;tuân thủ theo đúng truyền thống của các thế hệ iPhone trước đó khi máy có thiết kế hoàn toàn giữ nguyên so với người đàn anh iPhone 5. Điều dễ nhận ra nhất khi đem so sánh 2 thiết bị này với nhau đó là mặt sau của máy được trang bị hệ thống đèn flash LED 2 tông màu và mặt trước tại nút Home có vòng tròn cảm biến vân tay. Ngoài ra, iPhone 5s cũng được bổ sung them tuỳ chọn màu vàng mới bên cạnh 2 màu truyền thống đen và trắng.</p>\r\n\r\n<p>Như đã nói bên trên, iPhone 5s có thiết kế y hệt iPhone 5. Vẫn là sự kết hợp giữa chất liệu kim loại nguyên khối với mặt kính phía trước, <a href="http://didongthongminh.vn/apple/iphone-5s-doi-bao-hanh-p1189.html"><span style="color:#ff8c00"><em><strong>iPhone 5s chưa kích hoạt</strong></em></span></a>&nbsp;mang lại cảm giác sang trọng, đẳng cấp, đúng nghĩa một thiết bị đắt tiền với vẻ bề ngoài vô cùng bắt mắt.</p>\r\n\r\n<h3><strong>iPhone 5s - Màn hình hiển thị</strong></h3>\r\n\r\n<p><strong><img alt="" src="/upload_images/images/iPhone%20_5s_review_15-650-80.JPG" style="height:337px; width:600px"></strong></p>\r\n\r\n<p><span style="color:#ff8c00"><em><strong>iPhone 5s</strong></em></span> sở hữu màn hình kích thước 4 inch, tấm nền IPS LCD ,độ phân giải 640x1136, mật độ điểm ảnh của máy đạt 326 ppi. Lợi thế của iPhone 5s đó là màn hình nhỏ gọn, dễ dàng cầm nắm, thậm chí bạn có thể sử dụng máy hoàn toàn bằng 1 tay mà không có hiện tượng mỏi hay cấn. Nhược điểm cũng chính là do màn hình chỉ có 4 inch nên trải&nbsp; nghiệm mà người dùng có được trên iPhone 5s là không thật sự ấn tượng.&nbsp; Tuy nhiên, nhiều người có vẻ không quan tâm lắm đến nhược điểm này lắm, họ vẫn chọn mua iPhone 5s vì nó đẹp, mạnh mẽ hay đơn giản là vì nó nhỏ gọn và dễ cầm nắm sử&nbsp; dụng.</p>\r\n\r\n<h3><strong>iPhone 5s - Cấu hình và hiệu năng</strong></h3>\r\n\r\n<p><strong><img alt="" src="/upload_images/images/iPhone%20_5s_review_11-650-80.JPG" style="height:337px; width:600px"></strong></p>\r\n\r\n<p><span style="color:#ff8c00"><em><strong>iPhone 5s chưa active</strong></em></span>&nbsp;được trang bộ thông số kĩ thuật được đánh giá rất cao với con chip Apple A7 64-bit mạnh mẽ gồm 2 nhân xung nhịp 1.3 Ghz, đồ hoạ PowerVR G6430, 1 GB RAM và bộ nhớ trong 3 tuỳ chọn 16/32/64 GB.&nbsp; Với cấu hình này, iPhone 5s hoàn toàn đáp ứng tốt tất cả những gì mà bạn yêu cầu như đa nhiệm hay chơi game nặng. Cùng với sự tối ưu hoá hệ điều hành iOS, khi chơi game bạn sẽ thấy máy chạy rất mượt mà và ổn định, không có hiện tượng máy bị khựng hay giật lag. Đây cũng chính là lí do tại sao iPhone lại được ưu chuộng nhiều đến như vậy.</p>\r\n\r\n<p>Ngoài ra, <span style="color:#ff8c00"><em><strong>iP 5s chưa kích hoạt</strong></em></span>&nbsp;cũng là thiết bị <a href="http://didongthongminh.vn/san-pham/dien-thoai-3/loc-san-pham:hang-san-xuat-apple.html"><span style="color:#ff8c00"><em><strong>iPhone</strong></em></span></a> đầu tiên được trang bị cảm biến vân tay được tích hợp vào phím Home cứng. Cảm biến này rất có tốc độ nhận diện rất nhanh và chính xác, giúp người dùng trở nên an toàn hơn với các dữ liệu bên trong máy.</p>\r\n\r\n<p>Về dung lượng pin, do màn hình chỉ 4 inch nên viên pin theo máy có dung lượng khá khiêm tốn chỉ 1440 mAh. Tuy nhiên bạn vẫn có thể yên tâm bởi <span style="color:#ff8c00"><em><strong>iPhone 5s</strong></em></span> vẫn sẽ cho bạn một ngày sử dụng bình thường với các thao tác cơ bản, tần suất sử dụng ở mức độ vừa phải.</p>\r\n\r\n<h3><strong>iPhone 5s - Camera</strong></h3>\r\n\r\n<p><img alt="" src="/upload_images/images/apple-iphone5s-back-camera-closeup-620x400.jpg" style="height:386px; width:600px"></p>\r\n\r\n<p><strong><span style="color:#ff8c00"><em>Apple</em></span></strong> vẫn giữ nguyên cụm camera của <a href="http://didongthongminh.vn/apple/iphone-5-moi-du-bao-hanh-zp-cpo-p1912.html"><span style="color:#ff8c00"><em><strong>iPhone 5 chưa kích hoạt</strong></em></span></a>&nbsp;và đưa lên iPhone 5s mới của mình. Camera chính vẫn là cảm biến 8 MP, khẩu độ lớn F/2.4 với sự hỗ trợ của đèn flash LED 2 tông màu. &nbsp;Điểm mạnh của camera trên <span style="color:#ff8c00"><em><strong>iPhone 5s mới</strong></em></span>&nbsp;nằm ở tốc độ lấy nét và chụp. Cụ thể, máy có khả năng bắt nét cực kì nhanh và chính xác mà không cần phải thiết đặt nhiều bước rườm rà. Đối với iPhone 5s, tất cả bạn cần phải làm để có được môt bức ảnh đẹp chỉ là giơ máy lên và chụp, còn lại mọi thứ hệ thống sẽ tự động xử lí.</p>\r\n\r\n<p>Camera phụ có độ phân giải 1.2 MP đáp ứng tốt nhu cầu chụp ảnh tự sướng hay mang lại chất lượng hình ảnh tốt cho Facetime hay các cuộc gọi video trực tuyến.</p>\r\n\r\n<p>&nbsp;</p>\r\n\r\n<p>&nbsp;</p>\r\n\r\n<p>&nbsp;</p>\r\n\r\n<p>&nbsp;</p>\r\n\r\n<p>&nbsp; &nbsp; &nbsp;&nbsp;</p>\r\n</div>', 5, '2017-04-19 23:00:00', NULL),
(11, 1, 'iPhone 4S 16GB Quốc Tế (New, Chưa Active, Fullbox)', 'iPhone-4S-16GB-Quoc-Te-New-Chua-Active-Fullbox', 3190000, 0, 'ip4-trang_1430387627-copy.jpg', 1, '<div class="accessories mbm">\r\n				<label>Quà khuyến mãi:</label><br>\r\n				<p><img alt="" src="http://didongthongminh.vn/upload_images/images/2017/04/06/steve_jobs1600.png" style="height:20px; width:20px">Tặng&nbsp;<span style="color:#ff8c00"><strong>01 tượng Steve Jobs</strong></span>&nbsp;khi mua sản phẩm.<br>\r\n<span style="color:#ff8c00; font-size:14px">✌&nbsp;</span>Tặng combo<span style="color:#ff8c00"><strong> (02 ốp lưng, dán cường lực trị)</strong></span><br>\r\n<span style="box-sizing:border-box; color:#ff0000; line-height:18.5714px"><span style="box-sizing:border-box; line-height:1.6em">♥</span></span><span style="box-sizing:border-box; color:#383838; line-height:1.6em">&nbsp;Trợ giá<strong>&nbsp;<span style="box-sizing:border-box; color:#ff8c00">tai nghe Apple Earpod</span></strong>&nbsp;chính hãng giá&nbsp;<span style="box-sizing:border-box; color:#ff0000"><strong>350K</strong></span>,&nbsp;<span style="box-sizing:border-box; color:#ff8c00"><strong>tai nghe 5S Cao Cấp</strong></span>&nbsp;<span style="box-sizing:border-box; color:#ff0000"><strong>150K</strong></span></span><br>\r\n<span style="box-sizing:border-box; color:#ff0000; line-height:18.5714px"><span style="box-sizing:border-box; line-height:1.6em">♥</span></span><span style="box-sizing:border-box; color:#383838; line-height:1.6em">&nbsp;Trợ giá&nbsp;<span style="box-sizing:border-box; color:#ff8c00"><strong>PDP Xiaomi 16000mah</strong></span>&nbsp;chỉ&nbsp;<span style="box-sizing:border-box; color:#ff0000"><strong>550K</strong></span>,</span><br>\r\n<span style="box-sizing:border-box; color:#ff0000; line-height:18.5714px"><span style="box-sizing:border-box; line-height:1.6em">♥</span></span>&nbsp;<span style="box-sizing:border-box; color:#383838; line-height:1.6em">Trợ giá&nbsp;</span><span style="color:#ff8c00"><strong>PDP Xiaomi chính hãng 10.000mAh Gen 2 (Sạc nhanh 2 chiều)</strong></span>&nbsp;chỉ&nbsp;<span style="color:#ff0000"><strong>380K</strong></span><br>\r\n<span style="box-sizing:border-box; color:#008000; line-height:18.5714px"><span style="box-sizing:border-box; line-height:1.6em">❁</span></span><span style="box-sizing:border-box; color:#383838; line-height:1.6em">&nbsp;</span><span style="box-sizing:border-box; color:#383838; line-height:20.8px">Miễn phí tạo tài khoản Apple ID, cài game/ app bản quyền</span></p>\r\n			</div>', '<table class="charactestic_table" border="0" cellpadding="5px" width="100%">\r\n																											<tbody><tr class="tr-0">\r\n						<td class="title_charactestic" width="30%">\r\n							Màn hình						</td>\r\n						<td class="content_charactestic">\r\n															3.5inch(640 x 960 pixels) (LED-backlit IPS TFT, cảm ứng điện dung, 16 triệu màu)													</td>\r\n					</tr>\r\n																																															<tr class="tr-1">\r\n						<td class="title_charactestic" width="30%">\r\n							CPU						</td>\r\n						<td class="content_charactestic">\r\n															Dual-core 1 GHz Cortex-A9													</td>\r\n					</tr>\r\n																										<tr class="tr-0">\r\n						<td class="title_charactestic" width="30%">\r\n							Bộ nhớ trong						</td>\r\n						<td class="content_charactestic">\r\n															16G													</td>\r\n					</tr>\r\n																										<tr class="tr-1">\r\n						<td class="title_charactestic" width="30%">\r\n							RAM						</td>\r\n						<td class="content_charactestic">\r\n															512Mb													</td>\r\n					</tr>\r\n																																																													<tr class="tr-0">\r\n						<td class="title_charactestic" width="30%">\r\n							Pin						</td>\r\n						<td class="content_charactestic">\r\n															Non-removable Li-Po 1432 mAh battery (5.3 Wh)													</td>\r\n					</tr>\r\n																										<tr class="tr-1">\r\n						<td class="title_charactestic" width="30%">\r\n							Camera trước						</td>\r\n						<td class="content_charactestic">\r\n															VGA, 480p@30fps, videocalling over Wi-Fi and 3G													</td>\r\n					</tr>\r\n																										<tr class="tr-0">\r\n						<td class="title_charactestic" width="30%">\r\n							Camera sau						</td>\r\n						<td class="content_charactestic">\r\n															8 MP, f/2.4, 35mm, autofocus, LED flash													</td>\r\n					</tr>\r\n																			</tbody></table>', '<div class="specification_long hide"><p style="text-align:center"><iframe allowfullscreen="" frameborder="0" height="315" src="https://www.youtube.com/embed/_mZP_XmkDd0" width="560"></iframe>​</p>\r\n\r\n<p><span style="color:#ff9900; font-size:14pt"><strong><a href="http://didongthongminh.vn/">Di&nbsp;Động Thông Minh</a>&nbsp;Xin Thông Báo:</strong></span></p>\r\n\r\n<p><span style="color:#ff9900; font-size:14pt"><strong><img alt="Iphone 4S xách tay 64GB Quốc Tế" id="jmimg" src="http://d.f21.photo.zdn.vn/upload/original/2013/07/02/14/41/851364038_1782784518_574_574.jpg" style="display:block; margin-left:auto; margin-right:auto"></strong></span></p>\r\n\r\n<p><span style="font-size:14pt">Hiện nay Apple chỉ sản suất iPhone 4/4S 8G hàng chính hãng FPT Việt Nam là hàng mới. Còn lại tất cả các phiên bản khác đều là hàng&nbsp;<span style="color:#ff9900"><strong>trả bảo hành&nbsp;<span style="color:#008000; font-size:12pt">(hàng dự trữ để 1 đổi 1 cho khách theo chính sách của Apple)</span></strong></span>&nbsp;hoặc&nbsp;<strong><span style="color:#ff9900">hàng trưng bày</span></strong>, khi mua iPhone tại Di Động Thông MInh tất cả đều được bảo hành 12 tháng phần cứng, 1 đổi 1 trong vòng 15 ngày.</span>&nbsp;&nbsp;<span style="color:#383838; font-family:arial,helvetica,clean,sans-serif; font-size:14px; line-height:19px"><a href="/dien-thoai/iphone-6-lock-16gb-p1219.html"><span style="color:#ffffff">iPhone 6 lock</span></a><span style="color:#ffffff">&nbsp;|&nbsp;</span></span><a href="/dien-thoai/iphone-5-lock-16gb-p1192.html" style="font-family: Helvetica, Arial, ''DejaVu Sans'', ''Liberation Sans'', Freesans, sans-serif; font-size: 16px; line-height: 22px; text-align: justify; background-color: rgb(255, 255, 255);"><span style="color:#ffffff">iPhone 5 lock</span></a><span style="color:#ffffff; font-family:arial,helvetica,clean,sans-serif; line-height:19px"><span style="font-family:Helvetica,Arial,''DejaVu Sans'',''Liberation Sans'',Freesans,sans-serif; font-size:16px; line-height:22px; text-align:justify">&nbsp;|&nbsp;</span></span><a href="/dien-thoai/sony-xperia-z3-au-sol26-p1022.html" style="font-family: Helvetica, Arial, ''DejaVu Sans'', ''Liberation Sans'', Freesans, sans-serif; font-size: 16px; line-height: 22px; text-align: justify; background-color: rgb(255, 255, 255);"><span style="color:#ffffff">Sony Z3 Au</span></a><span style="color:#ffffff; font-family:arial,helvetica,clean,sans-serif; line-height:19px"><span style="font-family:Helvetica,Arial,''DejaVu Sans'',''Liberation Sans'',Freesans,sans-serif; font-size:16px; line-height:22px; text-align:justify">&nbsp;</span><span style="font-family:Helvetica,Arial,''DejaVu Sans'',''Liberation Sans'',Freesans,sans-serif; font-size:16px; line-height:22px; text-align:justify">|</span><span style="font-family:Helvetica,Arial,''DejaVu Sans'',''Liberation Sans'',Freesans,sans-serif; font-size:16px; line-height:22px; text-align:justify">&nbsp;</span></span><a href="/dien-thoai/samsung-galaxy-s5-au-scl23-p918.html" style="font-family: Helvetica, Arial, ''DejaVu Sans'', ''Liberation Sans'', Freesans, sans-serif; font-size: 16px; line-height: 22px; text-align: justify; background-color: rgb(255, 255, 255);"><span style="color:#ffffff">Galaxy S5 Au</span></a></p>\r\n\r\n<hr>\r\n<p><u><strong><span style="color:#ff6600; font-size:14pt">Quý khách hoàn toàn có thể yên tâm khi mua iPhone 4/4S tại Di Động Thông Minh vì:&nbsp;</span></strong></u></p>\r\n\r\n<p><span style="font-size:14pt">1. Các sản phẩm nhập về được kiểm tra rất kĩ qua quy trình test hàng nghiêm ngặt. (Kiểm tra main, kiểm tra hình thức, kiểm tra chức năng)</span></p>\r\n\r\n<p><span style="font-size:14pt">2. Các sản phẩm bán ra đều được Di Động Thông Minh cam kết bán máy nguyên bản, bảo hành 12 tháng phần cứng, 1 đổi 1 trong vòng 15 ngày nếu máy có lỗi do nhà sản xuất.&nbsp;</span></p>\r\n\r\n<p><u><strong><span style="color:#ff6600; font-size:19px">Khi Mua&nbsp;<a href="http://didongthongminh.vn/apple/iphone-4s-qt-64g-p563.html">IPhone 4S</a>&nbsp;xách tay&nbsp;tại Di Động Thông Minh quý khách được:&nbsp;</span></strong></u></p>\r\n\r\n<p><span style="font-size:14pt">1. Được kiểm tra sản phẩm trước khi mua hàng, được nhân viên tư vấn hướng dẫn cách test sản phẩm từ A-Z</span></p>\r\n\r\n<p><span style="font-size:14pt">2. Được cài đặt game/ app bản quyền, tạo tài khoản iCloud, hướng dẫn sử dụng các chức năng Find iPhone để tránh trường hợp bị mất cắp.&nbsp;</span></p>\r\n\r\n<p><span style="font-size:14pt">3. Được giảm giá khi mua các phụ kiện đi kèm (ốp lưng cao cấp, pin sạc dự phòng).&nbsp;</span></p>\r\n</div>', 4, '2017-04-20 00:00:00', '2017-04-19 20:50:05'),
(12, 1, 'iPhone 6 Chính Hãng (VN/A)', 'iPhone-6-Chinh-Hang-VN-A', 8390000, 0, 'iphone6-gold-select-2014_1434120836-copy.jpg', 1, '<div class="accessories mbm">\r\n				<label>Quà khuyến mãi:</label><br>\r\n				<p>✌ Tặng <span style="color:#ff8c00"><strong>combo cường lực, ốp lưng</strong></span> trị giá <span style="color:#ff0000"><strong>350K&nbsp;</strong></span><br>\r\n✌ Tặng <span style="color:#ff8c00"><strong>DMH UltraShield</strong></span> trị giá <span style="color:#ff0000"><strong>100K</strong></span><br>\r\n<span style="color:#ff0000">♥</span> Trợ giá <span style="color:#ff8c00"><strong>PDP Xiaomi 16000mah</strong></span> chỉ <span style="color:#ff0000"><strong>500K</strong></span> &nbsp;<br>\r\n<span style="color:#ff0000">♥</span> Trợ giá <strong><span style="color:#ff8c00">PDP Xiaomi 10.000mAh Gen 2 (Sạc nhanh 2 chiều)</span> </strong>chỉ <span style="color:#ff0000"><strong>380K</strong></span><br>\r\n<span style="color:#006400">❁</span>&nbsp;Miễn phí tạo tài khoản Apple ID, cài game/ app bản quyền&nbsp;<br>\r\n&nbsp;</p>\r\n			</div>', '<table class="charactestic_table" border="0" cellpadding="5px" width="100%">\r\n																											<tbody><tr class="tr-0">\r\n						<td class="title_charactestic" width="30%">\r\n							Màn hình						</td>\r\n						<td class="content_charactestic">\r\n															4.7 inches (~326 ppi) LED-backlit IPS LCD(750 x 1334 pixels)													</td>\r\n					</tr>\r\n																																															<tr class="tr-1">\r\n						<td class="title_charactestic" width="30%">\r\n							CPU						</td>\r\n						<td class="content_charactestic">\r\n															Dual-core 1.4 GHz Cyclone (ARM v8-based) Apple A8													</td>\r\n					</tr>\r\n																										<tr class="tr-0">\r\n						<td class="title_charactestic" width="30%">\r\n							Bộ nhớ trong						</td>\r\n						<td class="content_charactestic">\r\n															16GB/64GB/128GB													</td>\r\n					</tr>\r\n																										<tr class="tr-1">\r\n						<td class="title_charactestic" width="30%">\r\n							RAM						</td>\r\n						<td class="content_charactestic">\r\n															1GB													</td>\r\n					</tr>\r\n																																																													<tr class="tr-0">\r\n						<td class="title_charactestic" width="30%">\r\n							Pin						</td>\r\n						<td class="content_charactestic">\r\n															Li-Po 1810 mAh battery													</td>\r\n					</tr>\r\n																										<tr class="tr-1">\r\n						<td class="title_charactestic" width="30%">\r\n							Camera trước						</td>\r\n						<td class="content_charactestic">\r\n															1.2 MP, f/2.2, 31mm, 720p@30fps, face detection, HDR, FaceTime over Wi-Fi or Cellular													</td>\r\n					</tr>\r\n																										<tr class="tr-0">\r\n						<td class="title_charactestic" width="30%">\r\n							Camera sau						</td>\r\n						<td class="content_charactestic">\r\n															8 MP, 3264 x 2448 pixels, autofocus, dual-LED (dual tone) flash													</td>\r\n					</tr>\r\n																			</tbody></table>', '<div class="specification_long hide"><p dir="ltr"><span style="font-size:14px">iPhone 6 Lock cũ trên thị trường&nbsp;có giá&nbsp;rẻ nhưng nhiều người sẽ không yên tâm bởi hàng trôi nổi không đảm bả0 về chất lượng. Nắm bắt được điều đó, DĐTM đã nhập được về một loạt iPhone 6 Chính hãng của Viettel để phân phối dịp cuối năm. Và mời các bạn cùng tìm hiểu về sản phẩm này.</span></p>\r\n\r\n<p><span style="font-size:14px"><img alt="" src="/upload_images/images/iPhone%206%20Viettel.jpg" style="height:393px; width:700px"></span></p>\r\n\r\n<p dir="ltr">&nbsp;</p>\r\n\r\n<p dir="ltr"><span style="font-size:16px"><strong>Nguồn gốc iPhone 6 chính hãng Viettel</strong></span></p>\r\n\r\n<p dir="ltr"><span style="font-size:14px">Nói về nguồn gốc, các bạn sẽ không lo lắng gì khi biết những chiếc <strong>iPhone 6</strong>&nbsp;<strong>chính hãng&nbsp;</strong>này đến từ nhà <strong>nhập khẩu Viettel</strong>. Nghe có vẻ lạ đúng không? Vì bình thường chúng ta chỉ thường nghe thấy những cái tên quen thuộc như là <strong>FPT Trading, Digiworld</strong>. <strong>Viettel</strong> lại là cái tên không mấy xuất hiện, mặc dù vậy, họ cũng giống các nhà phân phối kia với chính sách <strong>bảo hành chính hãng 12 tháng 1 đổi 1</strong>. </span></p>\r\n\r\n<p dir="ltr"><img alt="" src="/upload_images/images/iPhone%206%20Viettel-15.jpg" style="font-size:14px; height:467px; width:700px"></p>\r\n\r\n<p dir="ltr">&nbsp;</p>\r\n\r\n<p dir="ltr"><span style="font-size:14px">So với những máy nhập khẩu khác thì sao?&nbsp;Vì lợi nhuận, một số thương gia đã mua sản phẩm có chất lượng thấp, sau đó sửa chữa và bán lại cho khách hàng với giá bán thấp hơn hàng chính hãng. Đến nay, Apple vẫn chưa có chính sách hậu mãi cho các sản phẩm iPhone xách tay trôi nổi trên thị trường. Chính vì vậy, <strong>iPhone 6 Viettel được nhập khẩu trực tiếp từ Apple</strong> sẽ là cái tên đảm bảo cho nguồn gốc của dòng sản phẩm này. Được khẳng định bằng tem ICT của Bộ TT và TT cùng tem của nhà nhập khẩu Viettel tại Từ Liêm, Hà Nội. Những chiếc iPhone 6 này riêng cho thị trường Việt Nam và sẽ có mã là <strong>VN/A</strong>, ngay từ vỏ hộp cũng đã ghi rõ chi tiết này. Lưu ý tất cả các sản phẩm <strong>iPhone 6 chính hãng Viettel</strong> được DĐTM phân phối đợt này đều là bản màu Trắng Silver và bộ nhớ 16Gb, <strong>máy nguyên Seal chưa kích hoạt, đủ bảo hành Apple</strong></span></p>\r\n\r\n<p dir="ltr"><span style="font-size:14px"><img alt="" src="/upload_images/images/iPhone%206%20Viettel-2.jpg" style="height:467px; width:700px"></span></p>\r\n\r\n<p dir="ltr">&nbsp;</p>\r\n\r\n<p dir="ltr"><span style="font-size:16px"><strong>Giá bán iPhone 6 chính hãng Viettel</strong></span></p>\r\n\r\n<p dir="ltr"><span style="font-size:14px">Với nguồn gốc chính ngạch, giá bán của những chiếc máy này sẽ đắt hơn một chút. Cụ thể hơn, hiện tại chúng tôi đang có chiếc <strong>iPhone 6 Viettel</strong> với giá <span style="color:#ff0000"><strong>9.490.000vnđ</strong></span>&nbsp;cho phiên bản 16GB. Nếu bạn so sánh với giá bản Lock chưa đến <strong>5 triệu</strong>&nbsp;thì rất khập khiễng. Để có cái nhìn hợp lý hơn, những chiếc<strong> iPhone 6 chưa active, trôi BH</strong> đang có giá hơn <strong>8 triệu</strong>&nbsp;còn máy của Viettel chỉ cao hơn <strong>1 triệu</strong> mà&nbsp;thôi. Và theo mình đây là mức kì tốt khi đi kèm máy là<strong> chế bảo hành 12 tháng 1 đổi 1</strong> ngay lập tức với các lỗi từ nhà sản xuất. Bản 64GB chênh lệch <strong>2 triệu</strong>&nbsp;nhưng vẫn là rất rẻ so với giá của iPhone 6S cùng dung lượng bán tại Viettel Store trong khi trải nghiệm hai máy như nhau. Ở thời điểm cuối năm này, DĐTM sẽ tặng bạn một combo khuyến mãi gồm ốp lưng và dán cường lực, hãy nhanh chân lên vì số lượng của những đợt máy giá tốt như vậy đều có giới hạn.</span></p>\r\n\r\n<p dir="ltr"><span style="font-size:14px"><img alt="" src="/upload_images/images/iPhone%206%20Viettel-5.jpg" style="height:467px; width:700px"></span></p>\r\n\r\n<p dir="ltr">&nbsp;</p>\r\n\r\n<p dir="ltr"><span style="font-size:16px"><strong>Chất lượng</strong></span></p>\r\n\r\n<p dir="ltr"><span style="font-size:14px">Khi bạn mua chiếc <strong>iPhone 6 Viettel</strong>, quy cách đóng gói cũng như chất lượng sẽ hơi khác so với các thị trường khác. Trước tiên, ngay ngoài vỏ hộp giờ đã được in bằng các thông tin tiếng Việt. Ghi rất rõ ràng trong hộp có gì, hỗ trợ các mạng nào, model, năm sản xuất. Sách hướng dẫn cũng in tiếng Việt kèm tiếng Anh, ghi các thông tin rất chi tiết cho những ai dùng iPhone lần đầu tìm hiểu.</span></p>\r\n\r\n<p dir="ltr"><span style="font-size:14px"><img alt="" src="/upload_images/images/iPhone%206%20Viettel-10.jpg" style="height:467px; width:700px"></span></p>\r\n\r\n<p dir="ltr">&nbsp;</p>\r\n\r\n<p dir="ltr"><span style="font-size:14px">Phụ kiện bên trong sẽ khác, bình thường hàng xách tay bạn hay gặp một số củ sạc vuông hoặc tam giác thì nó là theo thị trường. Còn bản chính ngạch của Viettel hay hàng iPhone chính hãng của cho thị trường Việt Nam sẽ có củ sạc loại dẹt, được đi kèm nhằm đảm bảo độ tương thích tuyệt đối với hệ thống lưới điện quốc gia 220V. &nbsp;Dưới đây là một chiếc máy&nbsp;đã bóc ra và kích hoạt lêni, còn khách hàng mua sẽ là máy mới nguyên seal 100%.</span></p>\r\n\r\n<p dir="ltr"><span style="font-size:14px"><img alt="" src="/upload_images/images/iPhone%206%20Viettel-9.jpg" style="height:467px; width:700px"></span></p>\r\n\r\n<p dir="ltr">&nbsp;</p>\r\n\r\n<p dir="ltr"><span style="font-size:14px">Bên trong, máy sẽ có mã đuôi là VN/A, một đuôi quen thuộc, chạy iOS 8 hoặc 9, tương thích mạng 4G Việt Nam, có thể sử dụng kèm bất kì SIM của nhà mạng nào. Viettel, Mobifone, Vinaphone hay là Vietnam Mobile đều được hết. Nhìn chung, iPhone 6 Viettel sở hữu chất lượng không thể cao hơn được nữa. Mình tin rằng việc bỏ thêm một khoản tiền nhỏ để đổi chất lượng tuyệt đối không hề lãng phí, thậm chí đôi khi rẻ hơn cả việc bạn mua một cái máy giá rẻ xong phải bỏ thêm tiền ra để sửa chữa. </span></p>\r\n\r\n<p><span style="font-size:14px"><img alt="" src="/upload_images/images/iPhone%206%20Viettel-3.jpg" style="height:467px; width:700px"></span></p>\r\n\r\n<p dir="ltr">&nbsp;</p>\r\n\r\n<p dir="ltr"><span style="font-size:14px">iPhone 6 Chính hãng Viettel là câu trả lời cho những bạn nào đang đi tìm một chiếc iPhone chất lượng cao nhất nhưng có giá bán hợp lý nhất. Chúng được sản xuất cho thị trường Việt Nam, chế độ bảo hành 1 đổi 1 12 tháng ấn tượng. Chắc chắn đây là món quà tặng rất ý nghĩa cho người thân, cho con cái, vợ chồng trong những ngày cuối năm như thế này. Đừng quên DĐTM đang là đơn vị phân phối , các bạn có thể đặt hàng ngay từ bh thông qua hotline 19006815. Xin chào.</span></p>\r\n\r\n<div>&nbsp;</div>\r\n\r\n<div><em><strong>Tham khảo thêm những hình ảnh khác của chiếc iPhone 6 chính hãng Viettel tại DĐTM</strong></em></div>\r\n\r\n<div>&nbsp;</div>\r\n\r\n<div><img alt="" src="/upload_images/images/iPhone%206%20Viettel-13.jpg" style="height:467px; width:700px"></div>\r\n\r\n<div>&nbsp;</div>\r\n\r\n<div><img alt="" src="/upload_images/images/iPhone%206%20Viettel-12.jpg" style="height:467px; width:700px"></div>\r\n\r\n<div>&nbsp;</div>\r\n\r\n<div><img alt="" src="/upload_images/images/iPhone%206%20Viettel-11.jpg" style="height:467px; width:700px"></div>\r\n\r\n<div>&nbsp;</div>\r\n\r\n<div><img alt="" src="/upload_images/images/iPhone%206%20Viettel-8.jpg" style="height:467px; width:700px"></div>\r\n\r\n<div>&nbsp;</div>\r\n\r\n<div><img alt="" src="/upload_images/images/iPhone%206%20Viettel-7.jpg" style="height:467px; width:700px"></div>\r\n\r\n<div>&nbsp;</div>\r\n\r\n<div><img alt="" src="/upload_images/images/iPhone%206%20Viettel-6.jpg" style="height:467px; width:700px"></div>\r\n</div>', 2, '2017-04-20 01:00:00', NULL);

-- --------------------------------------------------------

--
-- Table structure for table `users`
--

CREATE TABLE `users` (
  `id` int(10) UNSIGNED NOT NULL,
  `name` varchar(191) COLLATE utf8mb4_unicode_ci NOT NULL,
  `email` varchar(191) COLLATE utf8mb4_unicode_ci NOT NULL,
  `password` varchar(191) COLLATE utf8mb4_unicode_ci NOT NULL,
  `remember_token` varchar(100) COLLATE utf8mb4_unicode_ci DEFAULT NULL,
  `created_at` timestamp NULL DEFAULT NULL,
  `updated_at` timestamp NULL DEFAULT NULL
) ENGINE=InnoDB DEFAULT CHARSET=utf8mb4 COLLATE=utf8mb4_unicode_ci;

--
-- Indexes for dumped tables
--

--
-- Indexes for table `hangsp`
--
ALTER TABLE `hangsp`
  ADD PRIMARY KEY (`id`),
  ADD KEY `hangsp_idloaisp_foreign` (`idloaisp`);

--
-- Indexes for table `loaisp`
--
ALTER TABLE `loaisp`
  ADD PRIMARY KEY (`id`);

--
-- Indexes for table `migrations`
--
ALTER TABLE `migrations`
  ADD PRIMARY KEY (`id`);

--
-- Indexes for table `password_resets`
--
ALTER TABLE `password_resets`
  ADD KEY `password_resets_email_index` (`email`);

--
-- Indexes for table `sanpham`
--
ALTER TABLE `sanpham`
  ADD PRIMARY KEY (`id`),
  ADD KEY `sanpham_idhangsp_foreign` (`idhangsp`);

--
-- Indexes for table `users`
--
ALTER TABLE `users`
  ADD PRIMARY KEY (`id`),
  ADD UNIQUE KEY `users_email_unique` (`email`);

--
-- AUTO_INCREMENT for dumped tables
--

--
-- AUTO_INCREMENT for table `hangsp`
--
ALTER TABLE `hangsp`
  MODIFY `id` int(10) UNSIGNED NOT NULL AUTO_INCREMENT, AUTO_INCREMENT=12;
--
-- AUTO_INCREMENT for table `loaisp`
--
ALTER TABLE `loaisp`
  MODIFY `id` int(10) UNSIGNED NOT NULL AUTO_INCREMENT, AUTO_INCREMENT=5;
--
-- AUTO_INCREMENT for table `migrations`
--
ALTER TABLE `migrations`
  MODIFY `id` int(10) UNSIGNED NOT NULL AUTO_INCREMENT, AUTO_INCREMENT=7;
--
-- AUTO_INCREMENT for table `sanpham`
--
ALTER TABLE `sanpham`
  MODIFY `id` int(10) UNSIGNED NOT NULL AUTO_INCREMENT, AUTO_INCREMENT=13;
--
-- AUTO_INCREMENT for table `users`
--
ALTER TABLE `users`
  MODIFY `id` int(10) UNSIGNED NOT NULL AUTO_INCREMENT;
--
-- Constraints for dumped tables
--

--
-- Constraints for table `hangsp`
--
ALTER TABLE `hangsp`
  ADD CONSTRAINT `hangsp_idloaisp_foreign` FOREIGN KEY (`idloaisp`) REFERENCES `loaisp` (`id`);

--
-- Constraints for table `sanpham`
--
ALTER TABLE `sanpham`
  ADD CONSTRAINT `sanpham_idhangsp_foreign` FOREIGN KEY (`idhangsp`) REFERENCES `hangsp` (`id`);

/*!40101 SET CHARACTER_SET_CLIENT=@OLD_CHARACTER_SET_CLIENT */;
/*!40101 SET CHARACTER_SET_RESULTS=@OLD_CHARACTER_SET_RESULTS */;
/*!40101 SET COLLATION_CONNECTION=@OLD_COLLATION_CONNECTION */;
